1;ulica Batalionu Platerówek;3;Praga-Pó³noc;Batalionu Platerówek
2;ulica Batalionu Platerówek;5;Praga-Pó³noc;Batalionu Platerówek
3;ulica Bia³ostocka;4;Praga-Pó³noc;Bia³ostocka
4;ulica Bia³ostocka;5;Praga-Pó³noc;Bia³ostocka
5;ulica Bia³ostocka;5A;Praga-Pó³noc;Bia³ostocka
6;ulica Bia³ostocka;6;Praga-Pó³noc;Bia³ostocka
7;ulica Bia³ostocka;7;Praga-Pó³noc;Bia³ostocka
8;ulica Bia³ostocka;7A;Praga-Pó³noc;Bia³ostocka
9;ulica Bia³ostocka;8;Praga-Pó³noc;Bia³ostocka
10;ulica Bia³ostocka;9;Praga-Pó³noc;Bia³ostocka
11;ulica Bia³ostocka;9A;Praga-Pó³noc;Bia³ostocka
12;ulica Bia³ostocka;10/18;Praga-Pó³noc;Bia³ostocka
13;ulica Bia³ostocka;11;Praga-Pó³noc;Bia³ostocka
14;ulica Bia³ostocka;11A;Praga-Pó³noc;Bia³ostocka
15;ulica Bia³ostocka;20;Praga-Pó³noc;Bia³ostocka
16;ulica Bia³ostocka;22;Praga-Pó³noc;Bia³ostocka
17;ulica Bia³ostocka;24;Praga-Pó³noc;Bia³ostocka
18;ulica Bia³ostocka;26/34;Praga-Pó³noc;Bia³ostocka
19;ulica Bia³ostocka;36;Praga-Pó³noc;Bia³ostocka
20;ulica Bia³ostocka;42;Praga-Pó³noc;Bia³ostocka
21;ulica Bia³ostocka;43;Praga-Pó³noc;Bia³ostocka
22;ulica Bia³ostocka;44;Praga-Pó³noc;Bia³ostocka
23;ulica Bia³ostocka;45;Praga-Pó³noc;Bia³ostocka
24;ulica Bia³ostocka;46;Praga-Pó³noc;Bia³ostocka
25;ulica Bia³ostocka;47;Praga-Pó³noc;Bia³ostocka
26;ulica Bia³ostocka;48;Praga-Pó³noc;Bia³ostocka
27;ulica Bia³ostocka;49;Praga-Pó³noc;Bia³ostocka
28;ulica Bia³ostocka;51;Praga-Pó³noc;Bia³ostocka
29;ulica Bia³ostocka;53;Praga-Pó³noc;Bia³ostocka
30;ulica Bia³ostocka;55;Praga-Pó³noc;Bia³ostocka
31;ulica Bia³ostocka;59;Praga-Pó³noc;Bia³ostocka
32;ulica Blaszana;1;Praga-Pó³noc;Blaszana
33;ulica Blaszana;2;Praga-Pó³noc;Blaszana
34;ulica Tadeusza Borowskiego;2;Praga-Pó³noc;Tadeusza Borowskiego
35;ulica Boruty;2a;Praga-Pó³noc;Boruty
36;ulica Bertolta Brechta;2/4;Praga-Pó³noc;Bertolta Brechta
37;ulica Bertolta Brechta;3;Praga-Pó³noc;Bertolta Brechta
38;ulica Bertolta Brechta;5;Praga-Pó³noc;Bertolta Brechta
39;ulica Bertolta Brechta;7;Praga-Pó³noc;Bertolta Brechta
40;ulica Bertolta Brechta;8;Praga-Pó³noc;Bertolta Brechta
41;ulica Bertolta Brechta;9;Praga-Pó³noc;Bertolta Brechta
42;ulica Bertolta Brechta;12;Praga-Pó³noc;Bertolta Brechta
43;ulica Bertolta Brechta;13;Praga-Pó³noc;Bertolta Brechta
44;ulica Bertolta Brechta;13A;Praga-Pó³noc;Bertolta Brechta
45;ulica Bertolta Brechta;14;Praga-Pó³noc;Bertolta Brechta
46;ulica Bertolta Brechta;14A;Praga-Pó³noc;Bertolta Brechta
47;ulica Bertolta Brechta;15;Praga-Pó³noc;Bertolta Brechta
48;ulica Bertolta Brechta;16;Praga-Pó³noc;Bertolta Brechta
49;ulica Bertolta Brechta;17;Praga-Pó³noc;Bertolta Brechta
50;ulica Bertolta Brechta;17A;Praga-Pó³noc;Bertolta Brechta
51;ulica Brzeska;2;Praga-Pó³noc;Brzeska
52;ulica Brzeska;4;Praga-Pó³noc;Brzeska
53;ulica Brzeska;5;Praga-Pó³noc;Brzeska
54;ulica Brzeska;6;Praga-Pó³noc;Brzeska
55;ulica Brzeska;7;Praga-Pó³noc;Brzeska
56;ulica Brzeska;8;Praga-Pó³noc;Brzeska
57;ulica Brzeska;9;Praga-Pó³noc;Brzeska
58;ulica Brzeska;11;Praga-Pó³noc;Brzeska
59;ulica Brzeska;12;Praga-Pó³noc;Brzeska
60;ulica Brzeska;13;Praga-Pó³noc;Brzeska
61;ulica Brzeska;14;Praga-Pó³noc;Brzeska
62;ulica Brzeska;14A;Praga-Pó³noc;Brzeska
63;ulica Brzeska;15/17;Praga-Pó³noc;Brzeska
64;ulica Brzeska;16;Praga-Pó³noc;Brzeska
65;ulica Brzeska;17A;Praga-Pó³noc;Brzeska
66;ulica Brzeska;18;Praga-Pó³noc;Brzeska
67;ulica Brzeska;19;Praga-Pó³noc;Brzeska
68;ulica Brzeska;20;Praga-Pó³noc;Brzeska
69;ulica Brzeska;21;Praga-Pó³noc;Brzeska
70;ulica Brzeska;23;Praga-Pó³noc;Brzeska
71;ulica Brzeska;24;Praga-Pó³noc;Brzeska
72;ulica Brzeska;29/31;Praga-Pó³noc;Brzeska
73;ulica Bródnowska;1;Praga-Pó³noc;Bródnowska
74;ulica Bródnowska;2;Praga-Pó³noc;Bródnowska
75;ulica Bródnowska;3;Praga-Pó³noc;Bródnowska
76;ulica Bródnowska;4;Praga-Pó³noc;Bródnowska
77;ulica Bródnowska;6/12;Praga-Pó³noc;Bródnowska
78;ulica Bródnowska;7/11;Praga-Pó³noc;Bródnowska
79;ulica Bródnowska;12A;Praga-Pó³noc;Bródnowska
80;ulica Bródnowska;13/15;Praga-Pó³noc;Bródnowska
81;ulica Bródnowska;14;Praga-Pó³noc;Bródnowska
82;ulica Bródnowska;16;Praga-Pó³noc;Bródnowska
83;ulica Bródnowska;16A;Praga-Pó³noc;Bródnowska
84;ulica Bródnowska;18;Praga-Pó³noc;Bródnowska
85;ulica Bródnowska;20;Praga-Pó³noc;Bródnowska
86;ulica Bródnowska;22;Praga-Pó³noc;Bródnowska
87;ulica Bródnowska;24;Praga-Pó³noc;Bródnowska
88;ulica Wenantego Burdziñskiego;3;Praga-Pó³noc;Wenantego Burdziñskiego
89;ulica Wenantego Burdziñskiego;3A;Praga-Pó³noc;Wenantego Burdziñskiego
90;ulica Wenantego Burdziñskiego;4;Praga-Pó³noc;Wenantego Burdziñskiego
91;ulica Wenantego Burdziñskiego;5;Praga-Pó³noc;Wenantego Burdziñskiego
92;ulica Wenantego Burdziñskiego;7;Praga-Pó³noc;Wenantego Burdziñskiego
93;ulica Wenantego Burdziñskiego;7A;Praga-Pó³noc;Wenantego Burdziñskiego
94;ulica Wenantego Burdziñskiego;9;Praga-Pó³noc;Wenantego Burdziñskiego
95;ulica Œwiêtych Cyryla i Metodego;1;Praga-Pó³noc;Œwiêtych Cyryla i Metodego
96;ulica Œwiêtych Cyryla i Metodego;4;Praga-Pó³noc;Œwiêtych Cyryla i Metodego
97;ulica Czynszowa;1;Praga-Pó³noc;Czynszowa
98;ulica Czynszowa;3;Praga-Pó³noc;Czynszowa
99;ulica Czynszowa;4;Praga-Pó³noc;Czynszowa
100;ulica Czynszowa;4A;Praga-Pó³noc;Czynszowa
101;ulica Czynszowa;5;Praga-Pó³noc;Czynszowa
102;ulica Czynszowa;6;Praga-Pó³noc;Czynszowa
103;ulica Karola Darwina;1A;Praga-Pó³noc;Karola Darwina
104;ulica Karola Darwina;3A;Praga-Pó³noc;Karola Darwina
105;ulica Karola Darwina;4;Praga-Pó³noc;Karola Darwina
106;ulica Karola Darwina;5;Praga-Pó³noc;Karola Darwina
107;ulica Karola Darwina;7;Praga-Pó³noc;Karola Darwina
108;ulica Karola Darwina;8;Praga-Pó³noc;Karola Darwina
109;ulica Karola Darwina;9;Praga-Pó³noc;Karola Darwina
110;ulica Karola Darwina;9A;Praga-Pó³noc;Karola Darwina
111;ulica Karola Darwina;11;Praga-Pó³noc;Karola Darwina
112;ulica Karola Darwina;12;Praga-Pó³noc;Karola Darwina
113;ulica Karola Darwina;13;Praga-Pó³noc;Karola Darwina
114;ulica Karola Darwina;15;Praga-Pó³noc;Karola Darwina
115;ulica Karola Darwina;15A;Praga-Pó³noc;Karola Darwina
116;ulica Karola Darwina;16;Praga-Pó³noc;Karola Darwina
117;ulica Karola Darwina;17;Praga-Pó³noc;Karola Darwina
118;ulica Karola Darwina;18;Praga-Pó³noc;Karola Darwina
119;ulica D¹browszczaków;2;Praga-Pó³noc;D¹browszczaków
120;ulica D¹browszczaków;4;Praga-Pó³noc;D¹browszczaków
121;ulica D¹browszczaków;5;Praga-Pó³noc;D¹browszczaków
122;ulica D¹browszczaków;5A;Praga-Pó³noc;D¹browszczaków
123;ulica D¹browszczaków;6;Praga-Pó³noc;D¹browszczaków
124;ulica D¹browszczaków;8;Praga-Pó³noc;D¹browszczaków
125;ulica D¹browszczaków;9;Praga-Pó³noc;D¹browszczaków
126;ulica D¹browszczaków;10;Praga-Pó³noc;D¹browszczaków
127;ulica D¹browszczaków;10A;Praga-Pó³noc;D¹browszczaków
128;ulica D¹browszczaków;10C;Praga-Pó³noc;D¹browszczaków
129;ulica D¹browszczaków;10D;Praga-Pó³noc;D¹browszczaków
130;ulica D¹browszczaków;12;Praga-Pó³noc;D¹browszczaków
131;ulica D¹browszczaków;14;Praga-Pó³noc;D¹browszczaków
132;ulica Floriañska;2;Praga-Pó³noc;Floriañska
133;ulica Floriañska;2a;Praga-Pó³noc;Floriañska
134;ulica Floriañska;3;Praga-Pó³noc;Floriañska
135;ulica Floriañska;6;Praga-Pó³noc;Floriañska
136;ulica Floriañska;8;Praga-Pó³noc;Floriañska
137;ulica Floriañska;10;Praga-Pó³noc;Floriañska
138;ulica Floriañska;12;Praga-Pó³noc;Floriañska
139;ulica Floriañska;14;Praga-Pó³noc;Floriañska
140;ulica Folwarczna;3;Praga-Pó³noc;Folwarczna
141;ulica Folwarczna;5;Praga-Pó³noc;Folwarczna
142;ulica Folwarczna;7;Praga-Pó³noc;Folwarczna
143;ulica Folwarczna;9;Praga-Pó³noc;Folwarczna
144;ulica Wojciecha Gersona;3;Praga-Pó³noc;Wojciecha Gersona
145;ulica Wojciecha Gersona;4;Praga-Pó³noc;Wojciecha Gersona
146;ulica Wojciecha Gersona;5;Praga-Pó³noc;Wojciecha Gersona
147;ulica Wojciecha Gersona;6;Praga-Pó³noc;Wojciecha Gersona
148;ulica Wojciecha Gersona;7;Praga-Pó³noc;Wojciecha Gersona
149;ulica Wojciecha Gersona;8;Praga-Pó³noc;Wojciecha Gersona
150;ulica Wojciecha Gersona;9;Praga-Pó³noc;Wojciecha Gersona
151;ulica Wojciecha Gersona;10;Praga-Pó³noc;Wojciecha Gersona
152;ulica Wojciecha Gersona;11;Praga-Pó³noc;Wojciecha Gersona
153;ulica Wojciecha Gersona;12;Praga-Pó³noc;Wojciecha Gersona
154;ulica Wojciecha Gersona;13;Praga-Pó³noc;Wojciecha Gersona
155;ulica Wojciecha Gersona;14;Praga-Pó³noc;Wojciecha Gersona
156;ulica Wojciecha Gersona;15;Praga-Pó³noc;Wojciecha Gersona
157;ulica Wojciecha Gersona;16;Praga-Pó³noc;Wojciecha Gersona
158;ulica Wojciecha Gersona;17;Praga-Pó³noc;Wojciecha Gersona
159;ulica Wojciecha Gersona;18;Praga-Pó³noc;Wojciecha Gersona
160;ulica Wojciecha Gersona;19;Praga-Pó³noc;Wojciecha Gersona
161;ulica Wojciecha Gersona;20;Praga-Pó³noc;Wojciecha Gersona
162;ulica Wojciecha Gersona;21;Praga-Pó³noc;Wojciecha Gersona
163;ulica Wojciecha Gersona;22;Praga-Pó³noc;Wojciecha Gersona
164;ulica Wojciecha Gersona;23;Praga-Pó³noc;Wojciecha Gersona
165;ulica Wojciecha Gersona;24;Praga-Pó³noc;Wojciecha Gersona
166;ulica Wojciecha Gersona;25;Praga-Pó³noc;Wojciecha Gersona
167;ulica Wojciecha Gersona;26;Praga-Pó³noc;Wojciecha Gersona
168;ulica Wojciecha Gersona;26A;Praga-Pó³noc;Wojciecha Gersona
169;ulica Wojciecha Gersona;27;Praga-Pó³noc;Wojciecha Gersona
170;ulica Wojciecha Gersona;28;Praga-Pó³noc;Wojciecha Gersona
171;ulica Wojciecha Gersona;29;Praga-Pó³noc;Wojciecha Gersona
172;ulica Wojciecha Gersona;30;Praga-Pó³noc;Wojciecha Gersona
173;ulica Wojciecha Gersona;31;Praga-Pó³noc;Wojciecha Gersona
174;ulica Wojciecha Gersona;32;Praga-Pó³noc;Wojciecha Gersona
175;ulica Wojciecha Gersona;33;Praga-Pó³noc;Wojciecha Gersona
176;ulica Wojciecha Gersona;34;Praga-Pó³noc;Wojciecha Gersona
177;ulica Wojciecha Gersona;35;Praga-Pó³noc;Wojciecha Gersona
178;ulica Wojciecha Gersona;36;Praga-Pó³noc;Wojciecha Gersona
179;ulica Wojciecha Gersona;37;Praga-Pó³noc;Wojciecha Gersona
180;ulica Wojciecha Gersona;38;Praga-Pó³noc;Wojciecha Gersona
181;ulica Wojciecha Gersona;39;Praga-Pó³noc;Wojciecha Gersona
182;ulica Wojciecha Gersona;40;Praga-Pó³noc;Wojciecha Gersona
183;ulica Wojciecha Gersona;41;Praga-Pó³noc;Wojciecha Gersona
184;ulica Wojciecha Gersona;42;Praga-Pó³noc;Wojciecha Gersona
185;ulica Golêdzinowska;17;Praga-Pó³noc;Golêdzinowska
186;ulica Golêdzinowska;17A;Praga-Pó³noc;Golêdzinowska
187;ulica Golêdzinowska;21;Praga-Pó³noc;Golêdzinowska
188;ulica Golêdzinowska;21A;Praga-Pó³noc;Golêdzinowska
189;ulica Golêdzinowska;23;Praga-Pó³noc;Golêdzinowska
190;ulica Golêdzinowska;25;Praga-Pó³noc;Golêdzinowska
191;ulica Golêdzinowska;30;Praga-Pó³noc;Golêdzinowska
192;ulica Golêdzinowska;32;Praga-Pó³noc;Golêdzinowska
193;ulica Golêdzinowska;33;Praga-Pó³noc;Golêdzinowska
194;ulica Golêdzinowska;35;Praga-Pó³noc;Golêdzinowska
195;ulica Golêdzinowska;37;Praga-Pó³noc;Golêdzinowska
196;ulica Grajewska;2;Praga-Pó³noc;Grajewska
197;ulica Grajewska;3;Praga-Pó³noc;Grajewska
198;ulica Grajewska;4;Praga-Pó³noc;Grajewska
199;ulica Grajewska;5;Praga-Pó³noc;Grajewska
200;ulica Grajewska;6/8;Praga-Pó³noc;Grajewska
201;ulica Grajewska;7;Praga-Pó³noc;Grajewska
202;ulica Grajewska;9;Praga-Pó³noc;Grajewska
203;ulica Grajewska;10;Praga-Pó³noc;Grajewska
204;ulica Grajewska;11;Praga-Pó³noc;Grajewska
205;ulica Grajewska;13;Praga-Pó³noc;Grajewska
206;ulica Grajewska;15;Praga-Pó³noc;Grajewska
207;ulica Grajewska;17;Praga-Pó³noc;Grajewska
208;ulica Grajewska;19;Praga-Pó³noc;Grajewska
209;ulica Grajewska;21;Praga-Pó³noc;Grajewska
210;ulica Grajewska;21A;Praga-Pó³noc;Grajewska
211;ulica Grodzieñska;15/17;Praga-Pó³noc;Grodzieñska
212;ulica Grodzieñska;20;Praga-Pó³noc;Grodzieñska
213;ulica Grodzieñska;21/29;Praga-Pó³noc;Grodzieñska
214;ulica Grodzieñska;22;Praga-Pó³noc;Grodzieñska
215;ulica Grodzieñska;24;Praga-Pó³noc;Grodzieñska
216;ulica Grodzieñska;26;Praga-Pó³noc;Grodzieñska
217;ulica Grodzieñska;31/33;Praga-Pó³noc;Grodzieñska
218;ulica Grodzieñska;34;Praga-Pó³noc;Grodzieñska
219;ulica Grodzieñska;37;Praga-Pó³noc;Grodzieñska
220;ulica Grodzieñska;37A;Praga-Pó³noc;Grodzieñska
221;ulica Grodzieñska;45/47;Praga-Pó³noc;Grodzieñska
222;ulica Grodzieñska;46;Praga-Pó³noc;Grodzieñska
223;ulica Grodzieñska;49;Praga-Pó³noc;Grodzieñska
224;ulica Grodzieñska;50;Praga-Pó³noc;Grodzieñska
225;ulica Grodzieñska;51;Praga-Pó³noc;Grodzieñska
226;ulica Grodzieñska;53;Praga-Pó³noc;Grodzieñska
227;ulica Grodzieñska;61/63;Praga-Pó³noc;Grodzieñska
228;ulica Grodzieñska;65;Praga-Pó³noc;Grodzieñska
229;ulica Janusza Groszkowskiego;5;Praga-Pó³noc;Janusza Groszkowskiego
230;Plac gen. Józefa Hallera;3;Praga-Pó³noc;Plac gen. Józefa Hallera
231;Plac gen. Józefa Hallera;4;Praga-Pó³noc;Plac gen. Józefa Hallera
232;Plac gen. Józefa Hallera;5;Praga-Pó³noc;Plac gen. Józefa Hallera
233;Plac gen. Józefa Hallera;5B;Praga-Pó³noc;Plac gen. Józefa Hallera
234;Plac gen. Józefa Hallera;6;Praga-Pó³noc;Plac gen. Józefa Hallera
235;Plac gen. Józefa Hallera;6A;Praga-Pó³noc;Plac gen. Józefa Hallera
236;Plac gen. Józefa Hallera;6B;Praga-Pó³noc;Plac gen. Józefa Hallera
237;Plac gen. Józefa Hallera;7A;Praga-Pó³noc;Plac gen. Józefa Hallera
238;Plac gen. Józefa Hallera;8;Praga-Pó³noc;Plac gen. Józefa Hallera
239;Plac gen. Józefa Hallera;8A;Praga-Pó³noc;Plac gen. Józefa Hallera
240;Plac gen. Józefa Hallera;9;Praga-Pó³noc;Plac gen. Józefa Hallera
241;Plac gen. Józefa Hallera;9A;Praga-Pó³noc;Plac gen. Józefa Hallera
242;Plac gen. Józefa Hallera;10;Praga-Pó³noc;Plac gen. Józefa Hallera
243;ulica Instytutowa;1;Praga-Pó³noc;Instytutowa
244;ulica In¿ynierska;1;Praga-Pó³noc;In¿ynierska
245;ulica In¿ynierska;3;Praga-Pó³noc;In¿ynierska
246;ulica In¿ynierska;4;Praga-Pó³noc;In¿ynierska
247;ulica In¿ynierska;5;Praga-Pó³noc;In¿ynierska
248;ulica In¿ynierska;6;Praga-Pó³noc;In¿ynierska
249;ulica In¿ynierska;7;Praga-Pó³noc;In¿ynierska
250;ulica In¿ynierska;8;Praga-Pó³noc;In¿ynierska
251;ulica In¿ynierska;9;Praga-Pó³noc;In¿ynierska
252;ulica In¿ynierska;10;Praga-Pó³noc;In¿ynierska
253;ulica In¿ynierska;11;Praga-Pó³noc;In¿ynierska
254;ulica Jadowska;2;Praga-Pó³noc;Jadowska
255;ulica Jadowska;4;Praga-Pó³noc;Jadowska
256;ulica Jadowska;5;Praga-Pó³noc;Jadowska
257;ulica Jadowska;5A;Praga-Pó³noc;Jadowska
258;ulica Jadowska;6;Praga-Pó³noc;Jadowska
259;ulica Jadowska;7;Praga-Pó³noc;Jadowska
260;ulica Jadowska;8;Praga-Pó³noc;Jadowska
261;ulica Jadowska;10;Praga-Pó³noc;Jadowska
262;ulica Jagielloñska;1;Praga-Pó³noc;Jagielloñska
263;ulica Jagielloñska;2;Praga-Pó³noc;Jagielloñska
264;ulica Jagielloñska;3;Praga-Pó³noc;Jagielloñska
265;ulica Jagielloñska;4;Praga-Pó³noc;Jagielloñska
266;ulica Jagielloñska;5;Praga-Pó³noc;Jagielloñska
267;ulica Jagielloñska;5A;Praga-Pó³noc;Jagielloñska
268;ulica Jagielloñska;6;Praga-Pó³noc;Jagielloñska
269;ulica Jagielloñska;6A;Praga-Pó³noc;Jagielloñska
270;ulica Jagielloñska;7;Praga-Pó³noc;Jagielloñska
271;ulica Jagielloñska;9;Praga-Pó³noc;Jagielloñska
272;ulica Jagielloñska;11;Praga-Pó³noc;Jagielloñska
273;ulica Jagielloñska;12;Praga-Pó³noc;Jagielloñska
274;ulica Jagielloñska;14;Praga-Pó³noc;Jagielloñska
275;ulica Jagielloñska;14A;Praga-Pó³noc;Jagielloñska
276;ulica Jagielloñska;15;Praga-Pó³noc;Jagielloñska
277;ulica Jagielloñska;16;Praga-Pó³noc;Jagielloñska
278;ulica Jagielloñska;16A;Praga-Pó³noc;Jagielloñska
279;ulica Jagielloñska;18;Praga-Pó³noc;Jagielloñska
280;ulica Jagielloñska;19;Praga-Pó³noc;Jagielloñska
281;ulica Jagielloñska;20;Praga-Pó³noc;Jagielloñska
282;ulica Jagielloñska;22;Praga-Pó³noc;Jagielloñska
283;ulica Jagielloñska;23;Praga-Pó³noc;Jagielloñska
284;ulica Jagielloñska;25;Praga-Pó³noc;Jagielloñska
285;ulica Jagielloñska;26;Praga-Pó³noc;Jagielloñska
286;ulica Jagielloñska;27;Praga-Pó³noc;Jagielloñska
287;ulica Jagielloñska;28;Praga-Pó³noc;Jagielloñska
288;ulica Jagielloñska;29;Praga-Pó³noc;Jagielloñska
289;ulica Jagielloñska;30;Praga-Pó³noc;Jagielloñska
290;ulica Jagielloñska;32;Praga-Pó³noc;Jagielloñska
291;ulica Jagielloñska;34;Praga-Pó³noc;Jagielloñska
292;ulica Jagielloñska;35;Praga-Pó³noc;Jagielloñska
293;ulica Jagielloñska;36;Praga-Pó³noc;Jagielloñska
294;ulica Jagielloñska;38;Praga-Pó³noc;Jagielloñska
295;ulica Jagielloñska;42;Praga-Pó³noc;Jagielloñska
296;ulica Jagielloñska;44;Praga-Pó³noc;Jagielloñska
297;ulica Jagielloñska;44A;Praga-Pó³noc;Jagielloñska
298;ulica Jagielloñska;44B;Praga-Pó³noc;Jagielloñska
299;ulica Jagielloñska;45;Praga-Pó³noc;Jagielloñska
300;ulica Jagielloñska;46;Praga-Pó³noc;Jagielloñska
301;ulica Jagielloñska;47;Praga-Pó³noc;Jagielloñska
302;ulica Jagielloñska;47A;Praga-Pó³noc;Jagielloñska
303;ulica Jagielloñska;47B;Praga-Pó³noc;Jagielloñska
304;ulica Jagielloñska;47C;Praga-Pó³noc;Jagielloñska
305;ulica Jagielloñska;47D;Praga-Pó³noc;Jagielloñska
306;ulica Jagielloñska;47E;Praga-Pó³noc;Jagielloñska
307;ulica Jagielloñska;47F;Praga-Pó³noc;Jagielloñska
308;ulica Jagielloñska;47G;Praga-Pó³noc;Jagielloñska
309;ulica Jagielloñska;47H;Praga-Pó³noc;Jagielloñska
310;ulica Jagielloñska;47J;Praga-Pó³noc;Jagielloñska
311;ulica Jagielloñska;47K;Praga-Pó³noc;Jagielloñska
312;ulica Jagielloñska;47L;Praga-Pó³noc;Jagielloñska
313;ulica Jagielloñska;49;Praga-Pó³noc;Jagielloñska
314;ulica Jagielloñska;49A;Praga-Pó³noc;Jagielloñska
315;ulica Jagielloñska;49B;Praga-Pó³noc;Jagielloñska
316;ulica Jagielloñska;49C;Praga-Pó³noc;Jagielloñska
317;ulica Jagielloñska;49D;Praga-Pó³noc;Jagielloñska
318;ulica Jagielloñska;50;Praga-Pó³noc;Jagielloñska
319;ulica Jagielloñska;51;Praga-Pó³noc;Jagielloñska
320;ulica Jagielloñska;52;Praga-Pó³noc;Jagielloñska
321;ulica Jagielloñska;54;Praga-Pó³noc;Jagielloñska
322;ulica Jagielloñska;55;Praga-Pó³noc;Jagielloñska
323;ulica Jagielloñska;55A;Praga-Pó³noc;Jagielloñska
324;ulica Jagielloñska;56;Praga-Pó³noc;Jagielloñska
325;ulica Jagielloñska;57;Praga-Pó³noc;Jagielloñska
326;ulica Jagielloñska;58;Praga-Pó³noc;Jagielloñska
327;ulica Jagielloñska;59;Praga-Pó³noc;Jagielloñska
328;ulica Jagielloñska;60;Praga-Pó³noc;Jagielloñska
329;ulica Jagielloñska;61;Praga-Pó³noc;Jagielloñska
330;ulica Jagielloñska;61A;Praga-Pó³noc;Jagielloñska
331;ulica Jagielloñska;62;Praga-Pó³noc;Jagielloñska
332;ulica Jagielloñska;63;Praga-Pó³noc;Jagielloñska
333;ulica Jagielloñska;64;Praga-Pó³noc;Jagielloñska
334;ulica Jagielloñska;65;Praga-Pó³noc;Jagielloñska
335;ulica Jagielloñska;65/67;Praga-Pó³noc;Jagielloñska
336;ulica Jagielloñska;65A;Praga-Pó³noc;Jagielloñska
337;ulica Jagielloñska;66;Praga-Pó³noc;Jagielloñska
338;ulica Jagielloñska;66A;Praga-Pó³noc;Jagielloñska
339;ulica Jagielloñska;67A;Praga-Pó³noc;Jagielloñska
340;ulica Jagielloñska;69;Praga-Pó³noc;Jagielloñska
341;ulica Jagielloñska;70;Praga-Pó³noc;Jagielloñska
342;ulica Jagielloñska;70A;Praga-Pó³noc;Jagielloñska
343;ulica Jagielloñska;71;Praga-Pó³noc;Jagielloñska
344;ulica Jagielloñska;72;Praga-Pó³noc;Jagielloñska
345;ulica Jagielloñska;73;Praga-Pó³noc;Jagielloñska
346;ulica Jagielloñska;74;Praga-Pó³noc;Jagielloñska
347;ulica Jagielloñska;76;Praga-Pó³noc;Jagielloñska
348;ulica Jagielloñska;78;Praga-Pó³noc;Jagielloñska
349;ulica Jagielloñska;79;Praga-Pó³noc;Jagielloñska
350;ulica Jagielloñska;80;Praga-Pó³noc;Jagielloñska
351;ulica Jagielloñska;82;Praga-Pó³noc;Jagielloñska
352;ulica Jagielloñska;82A;Praga-Pó³noc;Jagielloñska
353;ulica Jagielloñska;82B;Praga-Pó³noc;Jagielloñska
354;ulica Jagielloñska;82C;Praga-Pó³noc;Jagielloñska
355;ulica Jagielloñska;82D;Praga-Pó³noc;Jagielloñska
356;ulica Jagielloñska;82F;Praga-Pó³noc;Jagielloñska
357;ulica Jagielloñska;84;Praga-Pó³noc;Jagielloñska
358;ulica Jagielloñska;86;Praga-Pó³noc;Jagielloñska
359;ulica Jagielloñska;86A;Praga-Pó³noc;Jagielloñska
360;ulica Jagielloñska;88;Praga-Pó³noc;Jagielloñska
361;ulica Jakuba Jasiñskiego;2;Praga-Pó³noc;Jakuba Jasiñskiego
362;ulica Jakuba Jasiñskiego;4;Praga-Pó³noc;Jakuba Jasiñskiego
363;ulica Jakuba Jasiñskiego;6;Praga-Pó³noc;Jakuba Jasiñskiego
364;ulica Kameralna;1;Praga-Pó³noc;Kameralna
365;ulica Kameralna;1A;Praga-Pó³noc;Kameralna
366;ulica Kameralna;3;Praga-Pó³noc;Kameralna
367;ulica Kamienna;1;Praga-Pó³noc;Kamienna
368;ulica Kamienna;3;Praga-Pó³noc;Kamienna
369;ulica Kamienna;14;Praga-Pó³noc;Kamienna
370;ulica Kawêczyñska;2;Praga-Pó³noc;Kawêczyñska
371;ulica Kawêczyñska;4;Praga-Pó³noc;Kawêczyñska
372;ulica Kawêczyñska;4A;Praga-Pó³noc;Kawêczyñska
373;ulica Kawêczyñska;4B;Praga-Pó³noc;Kawêczyñska
374;ulica Kawêczyñska;7;Praga-Pó³noc;Kawêczyñska
375;ulica Kawêczyñska;9/11/13;Praga-Pó³noc;Kawêczyñska
376;ulica Kawêczyñska;12;Praga-Pó³noc;Kawêczyñska
377;ulica Kawêczyñska;15;Praga-Pó³noc;Kawêczyñska
378;ulica Kawêczyñska;16;Praga-Pó³noc;Kawêczyñska
379;ulica Kawêczyñska;17;Praga-Pó³noc;Kawêczyñska
380;ulica Kawêczyñska;18;Praga-Pó³noc;Kawêczyñska
381;ulica Kawêczyñska;20;Praga-Pó³noc;Kawêczyñska
382;ulica Kawêczyñska;22;Praga-Pó³noc;Kawêczyñska
383;ulica Kawêczyñska;23/25;Praga-Pó³noc;Kawêczyñska
384;ulica Kawêczyñska;24;Praga-Pó³noc;Kawêczyñska
385;ulica Kawêczyñska;26;Praga-Pó³noc;Kawêczyñska
386;ulica Kawêczyñska;28;Praga-Pó³noc;Kawêczyñska
387;ulica Kawêczyñska;30;Praga-Pó³noc;Kawêczyñska
388;ulica Kawêczyñska;32;Praga-Pó³noc;Kawêczyñska
389;ulica Kawêczyñska;34;Praga-Pó³noc;Kawêczyñska
390;ulica Kawêczyñska;36;Praga-Pó³noc;Kawêczyñska
391;ulica Kawêczyñska;37;Praga-Pó³noc;Kawêczyñska
392;ulica Kawêczyñska;39;Praga-Pó³noc;Kawêczyñska
393;ulica Kawêczyñska;41;Praga-Pó³noc;Kawêczyñska
394;ulica Kawêczyñska;43;Praga-Pó³noc;Kawêczyñska
395;ulica Kawêczyñska;44;Praga-Pó³noc;Kawêczyñska
396;ulica Kawêczyñska;45;Praga-Pó³noc;Kawêczyñska
397;ulica Kawêczyñska;47;Praga-Pó³noc;Kawêczyñska
398;ulica Kawêczyñska;49;Praga-Pó³noc;Kawêczyñska
399;ulica Kawêczyñska;53;Praga-Pó³noc;Kawêczyñska
400;ulica Kawêczyñska;63;Praga-Pó³noc;Kawêczyñska
401;ulica Kawêczyñska;64;Praga-Pó³noc;Kawêczyñska
402;ulica Kawêczyñska;65;Praga-Pó³noc;Kawêczyñska
403;ulica Kawêczyñska;67;Praga-Pó³noc;Kawêczyñska
404;ulica Kawêczyñska;69;Praga-Pó³noc;Kawêczyñska
405;ulica Kawêczyñska;73;Praga-Pó³noc;Kawêczyñska
406;ulica Kiejstuta;1;Praga-Pó³noc;Kiejstuta
407;ulica Kijowska;1;Praga-Pó³noc;Kijowska
408;ulica Kijowska;1a;Praga-Pó³noc;Kijowska
409;ulica Kijowska;2;Praga-Pó³noc;Kijowska
410;ulica Kijowska;3;Praga-Pó³noc;Kijowska
411;ulica Kijowska;5;Praga-Pó³noc;Kijowska
412;ulica Kijowska;8;Praga-Pó³noc;Kijowska
413;ulica Kijowska;10/12;Praga-Pó³noc;Kijowska
414;ulica Kijowska;10/12A;Praga-Pó³noc;Kijowska
415;ulica Kijowska;11;Praga-Pó³noc;Kijowska
416;ulica Kijowska;14;Praga-Pó³noc;Kijowska
417;ulica Kijowska;14A;Praga-Pó³noc;Kijowska
418;ulica Kijowska;18A;Praga-Pó³noc;Kijowska
419;ulica Kijowska;20;Praga-Pó³noc;Kijowska
420;ulica Kijowska;22;Praga-Pó³noc;Kijowska
421;ulica Konopacka;3/5;Praga-Pó³noc;Konopacka
422;ulica Konopacka;4;Praga-Pó³noc;Konopacka
423;ulica Konopacka;6;Praga-Pó³noc;Konopacka
424;ulica Konopacka;7;Praga-Pó³noc;Konopacka
425;ulica Konopacka;8;Praga-Pó³noc;Konopacka
426;ulica Konopacka;12;Praga-Pó³noc;Konopacka
427;ulica Konopacka;15;Praga-Pó³noc;Konopacka
428;ulica Konopacka;16;Praga-Pó³noc;Konopacka
429;ulica Konopacka;17;Praga-Pó³noc;Konopacka
430;ulica Konopacka;19;Praga-Pó³noc;Konopacka
431;ulica Konopacka;20;Praga-Pó³noc;Konopacka
432;ulica Konopacka;21;Praga-Pó³noc;Konopacka
433;ulica Tadeusza Korsaka;1;Praga-Pó³noc;Tadeusza Korsaka
434;ulica Tadeusza Korsaka;6;Praga-Pó³noc;Tadeusza Korsaka
435;ulica Tadeusza Korsaka;7;Praga-Pó³noc;Tadeusza Korsaka
436;ulica Ireny Kosmowskiej;7;Praga-Pó³noc;Ireny Kosmowskiej
437;ulica Aleksandra Kotsisa;2/4;Praga-Pó³noc;Aleksandra Kotsisa
438;ulica Aleksandra Kotsisa;4;Praga-Pó³noc;Aleksandra Kotsisa
439;ulica Kowelska;1;Praga-Pó³noc;Kowelska
440;ulica Kowelska;2;Praga-Pó³noc;Kowelska
441;ulica Kowelska;4;Praga-Pó³noc;Kowelska
442;ulica Kowelska;6;Praga-Pó³noc;Kowelska
443;ulica Kowelska;10;Praga-Pó³noc;Kowelska
444;ulica Kowieñska;4;Praga-Pó³noc;Kowieñska
445;ulica Kowieñska;7;Praga-Pó³noc;Kowieñska
446;ulica Kowieñska;8;Praga-Pó³noc;Kowieñska
447;ulica Kowieñska;9;Praga-Pó³noc;Kowieñska
448;ulica Kowieñska;10;Praga-Pó³noc;Kowieñska
449;ulica Kowieñska;11/17;Praga-Pó³noc;Kowieñska
450;ulica Kowieñska;12/20;Praga-Pó³noc;Kowieñska
451;ulica Kowieñska;19;Praga-Pó³noc;Kowieñska
452;ulica Kowieñska;21;Praga-Pó³noc;Kowieñska
453;ulica Kowieñska;22;Praga-Pó³noc;Kowieñska
454;ulica Kowieñska;23;Praga-Pó³noc;Kowieñska
455;ulica Kowieñska;24;Praga-Pó³noc;Kowieñska
456;ulica Kowieñska;27;Praga-Pó³noc;Kowieñska
457;ulica Kowieñska;29;Praga-Pó³noc;Kowieñska
458;ulica Krowia;6;Praga-Pó³noc;Krowia
459;ulica ks. Ignacego K³opotowskiego;1;Praga-Pó³noc;ks. Ignacego K³opotowskiego
460;ulica ks. Ignacego K³opotowskiego;2;Praga-Pó³noc;ks. Ignacego K³opotowskiego
461;ulica ks. Ignacego K³opotowskiego;4;Praga-Pó³noc;ks. Ignacego K³opotowskiego
462;ulica ks. Ignacego K³opotowskiego;5;Praga-Pó³noc;ks. Ignacego K³opotowskiego
463;ulica ks. Ignacego K³opotowskiego;6;Praga-Pó³noc;ks. Ignacego K³opotowskiego
464;ulica ks. Ignacego K³opotowskiego;7;Praga-Pó³noc;ks. Ignacego K³opotowskiego
465;ulica ks. Ignacego K³opotowskiego;8;Praga-Pó³noc;ks. Ignacego K³opotowskiego
466;ulica ks. Ignacego K³opotowskiego;9;Praga-Pó³noc;ks. Ignacego K³opotowskiego
467;ulica ks. Ignacego K³opotowskiego;10;Praga-Pó³noc;ks. Ignacego K³opotowskiego
468;ulica ks. Ignacego K³opotowskiego;11;Praga-Pó³noc;ks. Ignacego K³opotowskiego
469;ulica ks. Ignacego K³opotowskiego;14;Praga-Pó³noc;ks. Ignacego K³opotowskiego
470;ulica ks. Ignacego K³opotowskiego;15;Praga-Pó³noc;ks. Ignacego K³opotowskiego
471;ulica ks. Ignacego K³opotowskiego;18;Praga-Pó³noc;ks. Ignacego K³opotowskiego
472;ulica ks. Ignacego K³opotowskiego;20;Praga-Pó³noc;ks. Ignacego K³opotowskiego
473;ulica ks. Ignacego K³opotowskiego;22;Praga-Pó³noc;ks. Ignacego K³opotowskiego
474;ulica ks. Ignacego K³opotowskiego;23/25;Praga-Pó³noc;ks. Ignacego K³opotowskiego
475;ulica ks. Ignacego K³opotowskiego;28;Praga-Pó³noc;ks. Ignacego K³opotowskiego
476;ulica ks. Ignacego K³opotowskiego;30;Praga-Pó³noc;ks. Ignacego K³opotowskiego
477;ulica ks. Ignacego K³opotowskiego;31;Praga-Pó³noc;ks. Ignacego K³opotowskiego
478;ulica ks. Ignacego K³opotowskiego;33;Praga-Pó³noc;ks. Ignacego K³opotowskiego
479;ulica ks. Ignacego K³opotowskiego;36;Praga-Pó³noc;ks. Ignacego K³opotowskiego
480;ulica ks. Ignacego K³opotowskiego;38;Praga-Pó³noc;ks. Ignacego K³opotowskiego
481;ulica Kêpna;2;Praga-Pó³noc;Kêpna
482;ulica Kêpna;2B;Praga-Pó³noc;Kêpna
483;ulica Kêpna;4;Praga-Pó³noc;Kêpna
484;ulica Kêpna;6;Praga-Pó³noc;Kêpna
485;ulica Kêpna;8;Praga-Pó³noc;Kêpna
486;ulica Kêpna;9;Praga-Pó³noc;Kêpna
487;ulica Kêpna;11;Praga-Pó³noc;Kêpna
488;ulica Kêpna;11A;Praga-Pó³noc;Kêpna
489;ulica Kêpna;13;Praga-Pó³noc;Kêpna
490;ulica Kêpna;15;Praga-Pó³noc;Kêpna
491;ulica Kêpna;17A;Praga-Pó³noc;Kêpna
492;ulica Letnia;3;Praga-Pó³noc;Letnia
493;ulica Letnia;5;Praga-Pó³noc;Letnia
494;ulica Karola Linneusza;1;Praga-Pó³noc;Karola Linneusza
495;ulica Karola Linneusza;3;Praga-Pó³noc;Karola Linneusza
496;ulica Karola Linneusza;5;Praga-Pó³noc;Karola Linneusza
497;ulica Karola Linneusza;7;Praga-Pó³noc;Karola Linneusza
498;ulica Karola Linneusza;8;Praga-Pó³noc;Karola Linneusza
499;ulica Karola Linneusza;9;Praga-Pó³noc;Karola Linneusza
500;ulica Karola Linneusza;10;Praga-Pó³noc;Karola Linneusza
501;ulica Karola Linneusza;11;Praga-Pó³noc;Karola Linneusza
502;ulica 11 Listopada;4;Praga-Pó³noc;11 Listopada
503;ulica 11 Listopada;6;Praga-Pó³noc;11 Listopada
504;ulica 11 Listopada;7;Praga-Pó³noc;11 Listopada
505;ulica 11 Listopada;8;Praga-Pó³noc;11 Listopada
506;ulica 11 Listopada;10;Praga-Pó³noc;11 Listopada
507;ulica 11 Listopada;12;Praga-Pó³noc;11 Listopada
508;ulica 11 Listopada;13;Praga-Pó³noc;11 Listopada
509;ulica 11 Listopada;13/15;Praga-Pó³noc;11 Listopada
510;ulica 11 Listopada;14;Praga-Pó³noc;11 Listopada
511;ulica 11 Listopada;15;Praga-Pó³noc;11 Listopada
512;ulica 11 Listopada;15A;Praga-Pó³noc;11 Listopada
513;ulica 11 Listopada;17/19;Praga-Pó³noc;11 Listopada
514;ulica 11 Listopada;18A;Praga-Pó³noc;11 Listopada
515;ulica 11 Listopada;20;Praga-Pó³noc;11 Listopada
516;ulica 11 Listopada;22;Praga-Pó³noc;11 Listopada
517;ulica 11 Listopada;24;Praga-Pó³noc;11 Listopada
518;ulica 11 Listopada;26;Praga-Pó³noc;11 Listopada
519;ulica 11 Listopada;28;Praga-Pó³noc;11 Listopada
520;ulica 11 Listopada;30;Praga-Pó³noc;11 Listopada
521;ulica 11 Listopada;34;Praga-Pó³noc;11 Listopada
522;ulica 11 Listopada;36/38;Praga-Pó³noc;11 Listopada
523;ulica 11 Listopada;40;Praga-Pó³noc;11 Listopada
524;ulica 11 Listopada;42;Praga-Pó³noc;11 Listopada
525;ulica 11 Listopada;42a;Praga-Pó³noc;11 Listopada
526;ulica 11 Listopada;44;Praga-Pó³noc;11 Listopada
527;ulica 11 Listopada;44A;Praga-Pó³noc;11 Listopada
528;ulica 11 Listopada;48;Praga-Pó³noc;11 Listopada
529;ulica 11 Listopada;50;Praga-Pó³noc;11 Listopada
530;ulica 11 Listopada;54;Praga-Pó³noc;11 Listopada
531;ulica 11 Listopada;56;Praga-Pó³noc;11 Listopada
532;ulica 11 Listopada;62;Praga-Pó³noc;11 Listopada
533;ulica 11 Listopada;64;Praga-Pó³noc;11 Listopada
534;ulica 11 Listopada;66;Praga-Pó³noc;11 Listopada
535;ulica 11 Listopada;66A;Praga-Pó³noc;11 Listopada
536;ulica 11 Listopada;68;Praga-Pó³noc;11 Listopada
537;ulica Lêborska;4;Praga-Pó³noc;Lêborska
538;ulica Lêborska;6;Praga-Pó³noc;Lêborska
539;ulica Lêborska;8/10;Praga-Pó³noc;Lêborska
540;ulica Antoniego Mackiewicza;1;Praga-Pó³noc;Antoniego Mackiewicza
541;ulica Antoniego Mackiewicza;3/5;Praga-Pó³noc;Antoniego Mackiewicza
542;ulica Antoniego Mackiewicza;7;Praga-Pó³noc;Antoniego Mackiewicza
543;ulica Antoniego Mackiewicza;9;Praga-Pó³noc;Antoniego Mackiewicza
544;ulica Antoniego Mackiewicza;11;Praga-Pó³noc;Antoniego Mackiewicza
545;ulica Karola Marcinkowskiego;2;Praga-Pó³noc;Karola Marcinkowskiego
546;ulica Karola Marcinkowskiego;6;Praga-Pó³noc;Karola Marcinkowskiego
547;ulica Karola Marcinkowskiego;7;Praga-Pó³noc;Karola Marcinkowskiego
548;ulica Karola Marcinkowskiego;9;Praga-Pó³noc;Karola Marcinkowskiego
549;ulica Karola Marcinkowskiego;11;Praga-Pó³noc;Karola Marcinkowskiego
550;ulica Karola Marcinkowskiego;13;Praga-Pó³noc;Karola Marcinkowskiego
551;ulica Markowska;1;Praga-Pó³noc;Markowska
552;ulica Markowska;3;Praga-Pó³noc;Markowska
553;ulica Markowska;6;Praga-Pó³noc;Markowska
554;ulica Markowska;7;Praga-Pó³noc;Markowska
555;ulica Markowska;7A;Praga-Pó³noc;Markowska
556;ulica Markowska;8;Praga-Pó³noc;Markowska
557;ulica Markowska;9;Praga-Pó³noc;Markowska
558;ulica Markowska;10;Praga-Pó³noc;Markowska
559;ulica Markowska;12;Praga-Pó³noc;Markowska
560;ulica Markowska;13;Praga-Pó³noc;Markowska
561;ulica Markowska;13A;Praga-Pó³noc;Markowska
562;ulica Markowska;13c;Praga-Pó³noc;Markowska
563;ulica Markowska;14;Praga-Pó³noc;Markowska
564;ulica Markowska;15;Praga-Pó³noc;Markowska
565;ulica Markowska;16;Praga-Pó³noc;Markowska
566;ulica Markowska;17;Praga-Pó³noc;Markowska
567;ulica Markowska;17A;Praga-Pó³noc;Markowska
568;ulica Markowska;18;Praga-Pó³noc;Markowska
569;ulica Markowska;18A;Praga-Pó³noc;Markowska
570;ulica Ma³a;1;Praga-Pó³noc;Ma³a
571;ulica Ma³a;2;Praga-Pó³noc;Ma³a
572;ulica Ma³a;3;Praga-Pó³noc;Ma³a
573;ulica Ma³a;4;Praga-Pó³noc;Ma³a
574;ulica Ma³a;5;Praga-Pó³noc;Ma³a
575;ulica Ma³a;6;Praga-Pó³noc;Ma³a
576;ulica Ma³a;7;Praga-Pó³noc;Ma³a
577;ulica Ma³a;7A;Praga-Pó³noc;Ma³a
578;ulica Ma³a;8;Praga-Pó³noc;Ma³a
579;ulica Ma³a;9;Praga-Pó³noc;Ma³a
580;ulica Ma³a;10;Praga-Pó³noc;Ma³a
581;ulica Ma³a;11;Praga-Pó³noc;Ma³a
582;ulica Ma³a;12;Praga-Pó³noc;Ma³a
583;ulica Ma³a;13;Praga-Pó³noc;Ma³a
584;ulica Ma³a;13A;Praga-Pó³noc;Ma³a
585;ulica Ma³a;14;Praga-Pó³noc;Ma³a
586;ulica Ma³a;15;Praga-Pó³noc;Ma³a
587;ulica Ma³a;15A;Praga-Pó³noc;Ma³a
588;ulica Micha³owska;3;Praga-Pó³noc;Micha³owska
589;ulica Micha³owska;4;Praga-Pó³noc;Micha³owska
590;ulica Micha³owska;6;Praga-Pó³noc;Micha³owska
591;ulica Micha³owska;8;Praga-Pó³noc;Micha³owska
592;ulica Micha³owska;10;Praga-Pó³noc;Micha³owska
593;ulica Jana M³ota;2;Praga-Pó³noc;Jana M³ota
594;ulica Jana M³ota;2A;Praga-Pó³noc;Jana M³ota
595;ulica Jana M³ota;3;Praga-Pó³noc;Jana M³ota
596;ulica Jana M³ota;5;Praga-Pó³noc;Jana M³ota
597;ulica Namys³owska;1;Praga-Pó³noc;Namys³owska
598;ulica Namys³owska;2;Praga-Pó³noc;Namys³owska
599;ulica Namys³owska;2A;Praga-Pó³noc;Namys³owska
600;ulica Namys³owska;3;Praga-Pó³noc;Namys³owska
601;ulica Namys³owska;4;Praga-Pó³noc;Namys³owska
602;ulica Namys³owska;5A;Praga-Pó³noc;Namys³owska
603;ulica Namys³owska;6;Praga-Pó³noc;Namys³owska
604;ulica Namys³owska;6A;Praga-Pó³noc;Namys³owska
605;ulica Namys³owska;6B;Praga-Pó³noc;Namys³owska
606;ulica Namys³owska;6C;Praga-Pó³noc;Namys³owska
607;ulica Namys³owska;7;Praga-Pó³noc;Namys³owska
608;ulica Namys³owska;8;Praga-Pó³noc;Namys³owska
609;ulica Namys³owska;9;Praga-Pó³noc;Namys³owska
610;ulica Namys³owska;10;Praga-Pó³noc;Namys³owska
611;ulica Namys³owska;11;Praga-Pó³noc;Namys³owska
612;ulica Namys³owska;11A;Praga-Pó³noc;Namys³owska
613;ulica Namys³owska;12;Praga-Pó³noc;Namys³owska
614;ulica Namys³owska;13;Praga-Pó³noc;Namys³owska
615;ulica Namys³owska;19;Praga-Pó³noc;Namys³owska
616;ulica Namys³owska;21;Praga-Pó³noc;Namys³owska
617;ulica Nieporêcka;2;Praga-Pó³noc;Nieporêcka
618;ulica Nieporêcka;4;Praga-Pó³noc;Nieporêcka
619;ulica Nieporêcka;8;Praga-Pó³noc;Nieporêcka
620;ulica Nieporêcka;10;Praga-Pó³noc;Nieporêcka
621;ulica Nieporêcka;12;Praga-Pó³noc;Nieporêcka
622;ulica Nieporêcka;12A;Praga-Pó³noc;Nieporêcka
623;ulica Nieporêcka;14;Praga-Pó³noc;Nieporêcka
624;ulica Józefa Nusbauma-Hilarowicza;3;Praga-Pó³noc;Józefa Nusbauma-Hilarowicza
625;ulica Józefa Nusbauma-Hilarowicza;4;Praga-Pó³noc;Józefa Nusbauma-Hilarowicza
626;ulica Józefa Nusbauma-Hilarowicza;5;Praga-Pó³noc;Józefa Nusbauma-Hilarowicza
627;ulica Józefa Nusbauma-Hilarowicza;6;Praga-Pó³noc;Józefa Nusbauma-Hilarowicza
628;ulica Józefa Nusbauma-Hilarowicza;7;Praga-Pó³noc;Józefa Nusbauma-Hilarowicza
629;ulica Objazdowa;1;Praga-Pó³noc;Objazdowa
630;ulica Objazdowa;2;Praga-Pó³noc;Objazdowa
631;ulica Objazdowa;2A;Praga-Pó³noc;Objazdowa
632;ulica Objazdowa;3;Praga-Pó³noc;Objazdowa
633;ulica Stefana Okrzei;1;Praga-Pó³noc;Stefana Okrzei
634;ulica Stefana Okrzei;1A;Praga-Pó³noc;Stefana Okrzei
635;ulica Stefana Okrzei;2/4;Praga-Pó³noc;Stefana Okrzei
636;ulica Stefana Okrzei;3;Praga-Pó³noc;Stefana Okrzei
637;ulica Stefana Okrzei;5;Praga-Pó³noc;Stefana Okrzei
638;ulica Stefana Okrzei;7;Praga-Pó³noc;Stefana Okrzei
639;ulica Stefana Okrzei;11;Praga-Pó³noc;Stefana Okrzei
640;ulica Stefana Okrzei;13;Praga-Pó³noc;Stefana Okrzei
641;ulica Stefana Okrzei;14;Praga-Pó³noc;Stefana Okrzei
642;ulica Stefana Okrzei;18;Praga-Pó³noc;Stefana Okrzei
643;ulica Stefana Okrzei;21;Praga-Pó³noc;Stefana Okrzei
644;ulica Stefana Okrzei;22;Praga-Pó³noc;Stefana Okrzei
645;ulica Stefana Okrzei;23;Praga-Pó³noc;Stefana Okrzei
646;ulica Stefana Okrzei;24;Praga-Pó³noc;Stefana Okrzei
647;ulica Stefana Okrzei;26;Praga-Pó³noc;Stefana Okrzei
648;ulica Stefana Okrzei;28;Praga-Pó³noc;Stefana Okrzei
649;ulica Stefana Okrzei;29;Praga-Pó³noc;Stefana Okrzei
650;ulica Stefana Okrzei;30;Praga-Pó³noc;Stefana Okrzei
651;ulica Stefana Okrzei;32;Praga-Pó³noc;Stefana Okrzei
652;ulica Stefana Okrzei;34;Praga-Pó³noc;Stefana Okrzei
653;ulica Stefana Okrzei;35;Praga-Pó³noc;Stefana Okrzei
654;ulica Olszowa;8;Praga-Pó³noc;Olszowa
655;ulica Olszowa;12;Praga-Pó³noc;Olszowa
656;ulica Olszowa;14;Praga-Pó³noc;Olszowa
657;ulica Otwocka;1;Praga-Pó³noc;Otwocka
658;ulica Otwocka;1B;Praga-Pó³noc;Otwocka
659;ulica Otwocka;3;Praga-Pó³noc;Otwocka
660;ulica Otwocka;7;Praga-Pó³noc;Otwocka
661;ulica Otwocka;8;Praga-Pó³noc;Otwocka
662;ulica Otwocka;9;Praga-Pó³noc;Otwocka
663;ulica Otwocka;10;Praga-Pó³noc;Otwocka
664;ulica Otwocka;12;Praga-Pó³noc;Otwocka
665;ulica Otwocka;14;Praga-Pó³noc;Otwocka
666;ulica Otwocka;16;Praga-Pó³noc;Otwocka
667;ulica Panieñska;1A;Praga-Pó³noc;Panieñska
668;ulica Panieñska;3;Praga-Pó³noc;Panieñska
669;ulica Panieñska;3A;Praga-Pó³noc;Panieñska
670;ulica Panieñska;4;Praga-Pó³noc;Panieñska
671;ulica Panieñska;5;Praga-Pó³noc;Panieñska
672;ulica Panieñska;7;Praga-Pó³noc;Panieñska
673;ulica Panieñska;9;Praga-Pó³noc;Panieñska
674;ulica Panieñska;11;Praga-Pó³noc;Panieñska
675;ulica Radzymiñska;2;Praga-Pó³noc;Radzymiñska
676;ulica Radzymiñska;4;Praga-Pó³noc;Radzymiñska
677;ulica Radzymiñska;6;Praga-Pó³noc;Radzymiñska
678;ulica Radzymiñska;8;Praga-Pó³noc;Radzymiñska
679;ulica Radzymiñska;10;Praga-Pó³noc;Radzymiñska
680;ulica Radzymiñska;12;Praga-Pó³noc;Radzymiñska
681;ulica Radzymiñska;14;Praga-Pó³noc;Radzymiñska
682;ulica Radzymiñska;16;Praga-Pó³noc;Radzymiñska
683;ulica Radzymiñska;28/30;Praga-Pó³noc;Radzymiñska
684;ulica Radzymiñska;29;Praga-Pó³noc;Radzymiñska
685;ulica Radzymiñska;29A;Praga-Pó³noc;Radzymiñska
686;ulica Radzymiñska;31;Praga-Pó³noc;Radzymiñska
687;ulica Radzymiñska;31A;Praga-Pó³noc;Radzymiñska
688;ulica Radzymiñska;32;Praga-Pó³noc;Radzymiñska
689;ulica Radzymiñska;33;Praga-Pó³noc;Radzymiñska
690;ulica Radzymiñska;34;Praga-Pó³noc;Radzymiñska
691;ulica Radzymiñska;35;Praga-Pó³noc;Radzymiñska
692;ulica Radzymiñska;36/38/40;Praga-Pó³noc;Radzymiñska
693;ulica Radzymiñska;37;Praga-Pó³noc;Radzymiñska
694;ulica Radzymiñska;43;Praga-Pó³noc;Radzymiñska
695;ulica Radzymiñska;45;Praga-Pó³noc;Radzymiñska
696;ulica Radzymiñska;47;Praga-Pó³noc;Radzymiñska
697;ulica Radzymiñska;49;Praga-Pó³noc;Radzymiñska
698;ulica Radzymiñska;50;Praga-Pó³noc;Radzymiñska
699;ulica Radzymiñska;51;Praga-Pó³noc;Radzymiñska
700;ulica Radzymiñska;51A;Praga-Pó³noc;Radzymiñska
701;ulica Radzymiñska;51C;Praga-Pó³noc;Radzymiñska
702;ulica Radzymiñska;51D;Praga-Pó³noc;Radzymiñska
703;ulica Radzymiñska;52;Praga-Pó³noc;Radzymiñska
704;ulica Radzymiñska;52A;Praga-Pó³noc;Radzymiñska
705;ulica Radzymiñska;53;Praga-Pó³noc;Radzymiñska
706;ulica Radzymiñska;54/58;Praga-Pó³noc;Radzymiñska
707;ulica Radzymiñska;55/57;Praga-Pó³noc;Radzymiñska
708;ulica Radzymiñska;56;Praga-Pó³noc;Radzymiñska
709;ulica Radzymiñska;59;Praga-Pó³noc;Radzymiñska
710;ulica Radzymiñska;59A;Praga-Pó³noc;Radzymiñska
711;ulica Radzymiñska;60;Praga-Pó³noc;Radzymiñska
712;ulica Radzymiñska;60/66;Praga-Pó³noc;Radzymiñska
713;ulica Radzymiñska;61;Praga-Pó³noc;Radzymiñska
714;ulica Radzymiñska;63;Praga-Pó³noc;Radzymiñska
715;ulica Radzymiñska;65;Praga-Pó³noc;Radzymiñska
716;ulica Radzymiñska;68/72;Praga-Pó³noc;Radzymiñska
717;ulica Radzymiñska;78;Praga-Pó³noc;Radzymiñska
718;ulica Radzymiñska;80;Praga-Pó³noc;Radzymiñska
719;ulica Radzymiñska;82;Praga-Pó³noc;Radzymiñska
720;ulica Ratuszowa;1/3;Praga-Pó³noc;Ratuszowa
721;ulica Ratuszowa;2;Praga-Pó³noc;Ratuszowa
722;ulica Ratuszowa;4A;Praga-Pó³noc;Ratuszowa
723;ulica Ratuszowa;5;Praga-Pó³noc;Ratuszowa
724;ulica Ratuszowa;5A;Praga-Pó³noc;Ratuszowa
725;ulica Ratuszowa;6;Praga-Pó³noc;Ratuszowa
726;ulica Ratuszowa;7/9;Praga-Pó³noc;Ratuszowa
727;ulica Ratuszowa;8A;Praga-Pó³noc;Ratuszowa
728;ulica Ratuszowa;10;Praga-Pó³noc;Ratuszowa
729;ulica Ratuszowa;11;Praga-Pó³noc;Ratuszowa
730;ulica Ratuszowa;12;Praga-Pó³noc;Ratuszowa
731;ulica Ratuszowa;13;Praga-Pó³noc;Ratuszowa
732;ulica Ratuszowa;14;Praga-Pó³noc;Ratuszowa
733;ulica Ratuszowa;17/19;Praga-Pó³noc;Ratuszowa
734;ulica Ratuszowa;21;Praga-Pó³noc;Ratuszowa
735;ulica Równa;2;Praga-Pó³noc;Równa
736;ulica Równa;4A;Praga-Pó³noc;Równa
737;ulica Równa;5;Praga-Pó³noc;Równa
738;ulica Równa;6;Praga-Pó³noc;Równa
739;ulica Równa;8;Praga-Pó³noc;Równa
740;ulica Równa;9;Praga-Pó³noc;Równa
741;ulica Równa;10;Praga-Pó³noc;Równa
742;ulica Równa;12;Praga-Pó³noc;Równa
743;ulica Równa;13;Praga-Pó³noc;Równa
744;ulica Równa;17;Praga-Pó³noc;Równa
745;ulica Równa;19;Praga-Pó³noc;Równa
746;ulica Siedlecka;1/15;Praga-Pó³noc;Siedlecka
747;ulica Siedlecka;12/14;Praga-Pó³noc;Siedlecka
748;ulica Siedlecka;16/24;Praga-Pó³noc;Siedlecka
749;ulica Siedlecka;17B;Praga-Pó³noc;Siedlecka
750;ulica Siedlecka;19;Praga-Pó³noc;Siedlecka
751;ulica Siedlecka;21;Praga-Pó³noc;Siedlecka
752;ulica Siedlecka;23;Praga-Pó³noc;Siedlecka
753;ulica Siedlecka;25;Praga-Pó³noc;Siedlecka
754;ulica Siedlecka;26;Praga-Pó³noc;Siedlecka
755;ulica Siedlecka;27;Praga-Pó³noc;Siedlecka
756;ulica Siedlecka;27A;Praga-Pó³noc;Siedlecka
757;ulica Siedlecka;28;Praga-Pó³noc;Siedlecka
758;ulica Siedlecka;29;Praga-Pó³noc;Siedlecka
759;ulica Siedlecka;30;Praga-Pó³noc;Siedlecka
760;ulica Siedlecka;32;Praga-Pó³noc;Siedlecka
761;ulica Siedlecka;34;Praga-Pó³noc;Siedlecka
762;ulica Siedlecka;37;Praga-Pó³noc;Siedlecka
763;ulica Siedlecka;37A;Praga-Pó³noc;Siedlecka
764;ulica Siedlecka;37B;Praga-Pó³noc;Siedlecka
765;ulica Siedlecka;39;Praga-Pó³noc;Siedlecka
766;ulica Siedlecka;41;Praga-Pó³noc;Siedlecka
767;ulica Siedlecka;45;Praga-Pó³noc;Siedlecka
768;ulica Siedlecka;47;Praga-Pó³noc;Siedlecka
769;ulica Siedlecka;56;Praga-Pó³noc;Siedlecka
770;ulica Siedlecka;62;Praga-Pó³noc;Siedlecka
771;ulica Józefa Sierakowskiego;4;Praga-Pó³noc;Józefa Sierakowskiego
772;ulica Józefa Sierakowskiego;6;Praga-Pó³noc;Józefa Sierakowskiego
773;ulica Józefa Sierakowskiego;7;Praga-Pó³noc;Józefa Sierakowskiego
774;ulica Józefa Sierakowskiego;9;Praga-Pó³noc;Józefa Sierakowskiego
775;ulica Józefa Sierakowskiego;10;Praga-Pó³noc;Józefa Sierakowskiego
776;ulica Józefa Sierakowskiego;13;Praga-Pó³noc;Józefa Sierakowskiego
777;ulica W³adys³awa Skoczylasa;4;Praga-Pó³noc;W³adys³awa Skoczylasa
778;ulica W³adys³awa Skoczylasa;8;Praga-Pó³noc;W³adys³awa Skoczylasa
779;ulica W³adys³awa Skoczylasa;9;Praga-Pó³noc;W³adys³awa Skoczylasa
780;ulica W³adys³awa Skoczylasa;10/12;Praga-Pó³noc;W³adys³awa Skoczylasa
781;ulica W³adys³awa Skoczylasa;10A;Praga-Pó³noc;W³adys³awa Skoczylasa
782;ulica W³adys³awa Skoczylasa;13;Praga-Pó³noc;W³adys³awa Skoczylasa
783;ulica W³adys³awa Skoczylasa;15;Praga-Pó³noc;W³adys³awa Skoczylasa
784;ulica Sokola;1;Praga-Pó³noc;Sokola
785;Aleja „Solidarnoœci”;15;Praga-Pó³noc;Aleja „Solidarnoœci”
786;Aleja „Solidarnoœci”;44;Praga-Pó³noc;Aleja „Solidarnoœci”
787;Aleja „Solidarnoœci”;49;Praga-Pó³noc;Aleja „Solidarnoœci”
788;Aleja „Solidarnoœci”;51;Praga-Pó³noc;Aleja „Solidarnoœci”
789;Aleja „Solidarnoœci”;52;Praga-Pó³noc;Aleja „Solidarnoœci”
790;Aleja „Solidarnoœci”;53;Praga-Pó³noc;Aleja „Solidarnoœci”
791;Aleja „Solidarnoœci”;55;Praga-Pó³noc;Aleja „Solidarnoœci”
792;Aleja „Solidarnoœci”;59;Praga-Pó³noc;Aleja „Solidarnoœci”
793;Aleja „Solidarnoœci”;61;Praga-Pó³noc;Aleja „Solidarnoœci”
794;Aleja „Solidarnoœci”;67;Praga-Pó³noc;Aleja „Solidarnoœci”
795;ulica Sprzeczna;4;Praga-Pó³noc;Sprzeczna
796;ulica Sprzeczna;6;Praga-Pó³noc;Sprzeczna
797;ulica Sprzeczna;8;Praga-Pó³noc;Sprzeczna
798;ulica Stalowa;1;Praga-Pó³noc;Stalowa
799;ulica Stalowa;2;Praga-Pó³noc;Stalowa
800;ulica Stalowa;3;Praga-Pó³noc;Stalowa
801;ulica Stalowa;4;Praga-Pó³noc;Stalowa
802;ulica Stalowa;5;Praga-Pó³noc;Stalowa
803;ulica Stalowa;6;Praga-Pó³noc;Stalowa
804;ulica Stalowa;7;Praga-Pó³noc;Stalowa
805;ulica Stalowa;9;Praga-Pó³noc;Stalowa
806;ulica Stalowa;10;Praga-Pó³noc;Stalowa
807;ulica Stalowa;11;Praga-Pó³noc;Stalowa
808;ulica Stalowa;12;Praga-Pó³noc;Stalowa
809;ulica Stalowa;13;Praga-Pó³noc;Stalowa
810;ulica Stalowa;14;Praga-Pó³noc;Stalowa
811;ulica Stalowa;15;Praga-Pó³noc;Stalowa
812;ulica Stalowa;16A;Praga-Pó³noc;Stalowa
813;ulica Stalowa;17/19;Praga-Pó³noc;Stalowa
814;ulica Stalowa;18;Praga-Pó³noc;Stalowa
815;ulica Stalowa;20/22;Praga-Pó³noc;Stalowa
816;ulica Stalowa;21;Praga-Pó³noc;Stalowa
817;ulica Stalowa;23;Praga-Pó³noc;Stalowa
818;ulica Stalowa;25;Praga-Pó³noc;Stalowa
819;ulica Stalowa;26;Praga-Pó³noc;Stalowa
820;ulica Stalowa;28;Praga-Pó³noc;Stalowa
821;ulica Stalowa;29;Praga-Pó³noc;Stalowa
822;ulica Stalowa;33;Praga-Pó³noc;Stalowa
823;ulica Stalowa;34;Praga-Pó³noc;Stalowa
824;ulica Stalowa;35;Praga-Pó³noc;Stalowa
825;ulica Stalowa;36;Praga-Pó³noc;Stalowa
826;ulica Stalowa;37;Praga-Pó³noc;Stalowa
827;ulica Stalowa;38;Praga-Pó³noc;Stalowa
828;ulica Stalowa;41;Praga-Pó³noc;Stalowa
829;ulica Stalowa;44;Praga-Pó³noc;Stalowa
830;ulica Stalowa;46;Praga-Pó³noc;Stalowa
831;ulica Stalowa;47;Praga-Pó³noc;Stalowa
832;ulica Stalowa;49;Praga-Pó³noc;Stalowa
833;ulica Stalowa;50;Praga-Pó³noc;Stalowa
834;ulica Stalowa;51;Praga-Pó³noc;Stalowa
835;ulica Stalowa;52;Praga-Pó³noc;Stalowa
836;ulica Stalowa;53;Praga-Pó³noc;Stalowa
837;ulica Stalowa;54;Praga-Pó³noc;Stalowa
838;ulica Stalowa;56;Praga-Pó³noc;Stalowa
839;ulica Stalowa;57;Praga-Pó³noc;Stalowa
840;ulica Stalowa;58;Praga-Pó³noc;Stalowa
841;ulica Stalowa;59;Praga-Pó³noc;Stalowa
842;ulica Stalowa;60/64;Praga-Pó³noc;Stalowa
843;ulica Stalowa;65;Praga-Pó³noc;Stalowa
844;ulica Stalowa;67;Praga-Pó³noc;Stalowa
845;ulica Stalowa;69;Praga-Pó³noc;Stalowa
846;ulica Stalowa;73;Praga-Pó³noc;Stalowa
847;ulica Stalowa;77;Praga-Pó³noc;Stalowa
848;ulica Stefana Starzyñskiego;3;Praga-Pó³noc;Stefana Starzyñskiego
849;ulica Stefana Starzyñskiego;10;Praga-Pó³noc;Stefana Starzyñskiego
850;ulica Stefana Starzyñskiego;12;Praga-Pó³noc;Stefana Starzyñskiego
851;ulica Stolarska;2/4;Praga-Pó³noc;Stolarska
852;ulica Stolarska;3;Praga-Pó³noc;Stolarska
853;ulica Stolarska;9;Praga-Pó³noc;Stolarska
854;ulica Strzelecka;1;Praga-Pó³noc;Strzelecka
855;ulica Strzelecka;2;Praga-Pó³noc;Strzelecka
856;ulica Strzelecka;3;Praga-Pó³noc;Strzelecka
857;ulica Strzelecka;4;Praga-Pó³noc;Strzelecka
858;ulica Strzelecka;5;Praga-Pó³noc;Strzelecka
859;ulica Strzelecka;6;Praga-Pó³noc;Strzelecka
860;ulica Strzelecka;7/9;Praga-Pó³noc;Strzelecka
861;ulica Strzelecka;8;Praga-Pó³noc;Strzelecka
862;ulica Strzelecka;10;Praga-Pó³noc;Strzelecka
863;ulica Strzelecka;10A;Praga-Pó³noc;Strzelecka
864;ulica Strzelecka;11/13;Praga-Pó³noc;Strzelecka
865;ulica Strzelecka;12;Praga-Pó³noc;Strzelecka
866;ulica Strzelecka;13A;Praga-Pó³noc;Strzelecka
867;ulica Strzelecka;14;Praga-Pó³noc;Strzelecka
868;ulica Strzelecka;16;Praga-Pó³noc;Strzelecka
869;ulica Strzelecka;21/25;Praga-Pó³noc;Strzelecka
870;ulica Strzelecka;26;Praga-Pó³noc;Strzelecka
871;ulica Strzelecka;27/29;Praga-Pó³noc;Strzelecka
872;ulica Strzelecka;28;Praga-Pó³noc;Strzelecka
873;ulica Strzelecka;30/32;Praga-Pó³noc;Strzelecka
874;ulica Strzelecka;31;Praga-Pó³noc;Strzelecka
875;ulica Strzelecka;36;Praga-Pó³noc;Strzelecka
876;ulica Strzelecka;38;Praga-Pó³noc;Strzelecka
877;ulica Strzelecka;40;Praga-Pó³noc;Strzelecka
878;ulica Strzelecka;40A;Praga-Pó³noc;Strzelecka
879;ulica Strzelecka;42;Praga-Pó³noc;Strzelecka
880;ulica Strzelecka;44;Praga-Pó³noc;Strzelecka
881;ulica Strzelecka;46;Praga-Pó³noc;Strzelecka
882;ulica Strzelecka;48;Praga-Pó³noc;Strzelecka
883;ulica Strzelecka;48A;Praga-Pó³noc;Strzelecka
884;ulica Józefa Szanajcy;3;Praga-Pó³noc;Józefa Szanajcy
885;ulica Józefa Szanajcy;5;Praga-Pó³noc;Józefa Szanajcy
886;ulica Józefa Szanajcy;6;Praga-Pó³noc;Józefa Szanajcy
887;ulica Józefa Szanajcy;8;Praga-Pó³noc;Józefa Szanajcy
888;ulica Józefa Szanajcy;10;Praga-Pó³noc;Józefa Szanajcy
889;ulica Józefa Szanajcy;11;Praga-Pó³noc;Józefa Szanajcy
890;ulica Józefa Szanajcy;12;Praga-Pó³noc;Józefa Szanajcy
891;ulica Józefa Szanajcy;14;Praga-Pó³noc;Józefa Szanajcy
892;ulica Józefa Szanajcy;16;Praga-Pó³noc;Józefa Szanajcy
893;ulica Józefa Szanajcy;16A;Praga-Pó³noc;Józefa Szanajcy
894;ulica Józefa Szanajcy;17/19;Praga-Pó³noc;Józefa Szanajcy
895;ulica Józefa Szanajcy;18;Praga-Pó³noc;Józefa Szanajcy
896;ulica Józefa Szanajcy;18A;Praga-Pó³noc;Józefa Szanajcy
897;ulica Józefa Szanajcy;20;Praga-Pó³noc;Józefa Szanajcy
898;ulica Józefa Szanajcy;20A;Praga-Pó³noc;Józefa Szanajcy
899;ulica W³adys³awa Szernera;3;Praga-Pó³noc;W³adys³awa Szernera
900;ulica W³adys³awa Szernera;5;Praga-Pó³noc;W³adys³awa Szernera
901;ulica Szwedzka;1;Praga-Pó³noc;Szwedzka
902;ulica Szwedzka;2;Praga-Pó³noc;Szwedzka
903;ulica Szwedzka;4;Praga-Pó³noc;Szwedzka
904;ulica Szwedzka;6;Praga-Pó³noc;Szwedzka
905;ulica Szwedzka;7;Praga-Pó³noc;Szwedzka
906;ulica Szwedzka;9;Praga-Pó³noc;Szwedzka
907;ulica Szwedzka;11;Praga-Pó³noc;Szwedzka
908;ulica Szwedzka;13;Praga-Pó³noc;Szwedzka
909;ulica Szwedzka;15;Praga-Pó³noc;Szwedzka
910;ulica Szwedzka;17;Praga-Pó³noc;Szwedzka
911;ulica Szwedzka;20;Praga-Pó³noc;Szwedzka
912;ulica Szwedzka;21;Praga-Pó³noc;Szwedzka
913;ulica Szwedzka;23;Praga-Pó³noc;Szwedzka
914;ulica Szwedzka;25;Praga-Pó³noc;Szwedzka
915;ulica Szwedzka;33;Praga-Pó³noc;Szwedzka
916;ulica Szwedzka;35;Praga-Pó³noc;Szwedzka
917;ulica Szwedzka;35A;Praga-Pó³noc;Szwedzka
918;ulica Szwedzka;37;Praga-Pó³noc;Szwedzka
919;ulica Szwedzka;39/41;Praga-Pó³noc;Szwedzka
920;ulica Szwedzka;43;Praga-Pó³noc;Szwedzka
921;ulica Karola Szymanowskiego;3;Praga-Pó³noc;Karola Szymanowskiego
922;ulica Karola Szymanowskiego;3A;Praga-Pó³noc;Karola Szymanowskiego
923;ulica Karola Szymanowskiego;4;Praga-Pó³noc;Karola Szymanowskiego
924;ulica Karola Szymanowskiego;4A;Praga-Pó³noc;Karola Szymanowskiego
925;ulica Karola Szymanowskiego;5;Praga-Pó³noc;Karola Szymanowskiego
926;ulica Karola Szymanowskiego;5A;Praga-Pó³noc;Karola Szymanowskiego
927;ulica Karola Szymanowskiego;6;Praga-Pó³noc;Karola Szymanowskiego
928;ulica Karola Szymanowskiego;7;Praga-Pó³noc;Karola Szymanowskiego
929;ulica Karola Szymanowskiego;7A;Praga-Pó³noc;Karola Szymanowskiego
930;ulica Karola Szymanowskiego;8;Praga-Pó³noc;Karola Szymanowskiego
931;ulica Tarchomiñska;1;Praga-Pó³noc;Tarchomiñska
932;ulica Tarchomiñska;3;Praga-Pó³noc;Tarchomiñska
933;ulica Tarchomiñska;4;Praga-Pó³noc;Tarchomiñska
934;ulica Tarchomiñska;5;Praga-Pó³noc;Tarchomiñska
935;ulica Tarchomiñska;6;Praga-Pó³noc;Tarchomiñska
936;ulica Tarchomiñska;7;Praga-Pó³noc;Tarchomiñska
937;ulica Tarchomiñska;8;Praga-Pó³noc;Tarchomiñska
938;ulica Tarchomiñska;9;Praga-Pó³noc;Tarchomiñska
939;ulica Tarchomiñska;10;Praga-Pó³noc;Tarchomiñska
940;ulica Tarchomiñska;11;Praga-Pó³noc;Tarchomiñska
941;ulica Tarchomiñska;12;Praga-Pó³noc;Tarchomiñska
942;ulica Tarchomiñska;13;Praga-Pó³noc;Tarchomiñska
943;ulica Tarchomiñska;14;Praga-Pó³noc;Tarchomiñska
944;ulica Tarchomiñska;15;Praga-Pó³noc;Tarchomiñska
945;ulica Targowa;11/13;Praga-Pó³noc;Targowa
946;ulica Targowa;15;Praga-Pó³noc;Targowa
947;ulica Targowa;17;Praga-Pó³noc;Targowa
948;ulica Targowa;18;Praga-Pó³noc;Targowa
949;ulica Targowa;19;Praga-Pó³noc;Targowa
950;ulica Targowa;20;Praga-Pó³noc;Targowa
951;ulica Targowa;20a;Praga-Pó³noc;Targowa
952;ulica Targowa;20b;Praga-Pó³noc;Targowa
953;ulica Targowa;21;Praga-Pó³noc;Targowa
954;ulica Targowa;22;Praga-Pó³noc;Targowa
955;ulica Targowa;23;Praga-Pó³noc;Targowa
956;ulica Targowa;24;Praga-Pó³noc;Targowa
957;ulica Targowa;25;Praga-Pó³noc;Targowa
958;ulica Targowa;26/30;Praga-Pó³noc;Targowa
959;ulica Targowa;27;Praga-Pó³noc;Targowa
960;ulica Targowa;32;Praga-Pó³noc;Targowa
961;ulica Targowa;33;Praga-Pó³noc;Targowa
962;ulica Targowa;33A;Praga-Pó³noc;Targowa
963;ulica Targowa;33B;Praga-Pó³noc;Targowa
964;ulica Targowa;34;Praga-Pó³noc;Targowa
965;ulica Targowa;35;Praga-Pó³noc;Targowa
966;ulica Targowa;35/37;Praga-Pó³noc;Targowa
967;ulica Targowa;36;Praga-Pó³noc;Targowa
968;ulica Targowa;37;Praga-Pó³noc;Targowa
969;ulica Targowa;37A;Praga-Pó³noc;Targowa
970;ulica Targowa;38;Praga-Pó³noc;Targowa
971;ulica Targowa;39;Praga-Pó³noc;Targowa
972;ulica Targowa;39A;Praga-Pó³noc;Targowa
973;ulica Targowa;40;Praga-Pó³noc;Targowa
974;ulica Targowa;41;Praga-Pó³noc;Targowa
975;ulica Targowa;42;Praga-Pó³noc;Targowa
976;ulica Targowa;43;Praga-Pó³noc;Targowa
977;ulica Targowa;44;Praga-Pó³noc;Targowa
978;ulica Targowa;45;Praga-Pó³noc;Targowa
979;ulica Targowa;46;Praga-Pó³noc;Targowa
980;ulica Targowa;47;Praga-Pó³noc;Targowa
981;ulica Targowa;48;Praga-Pó³noc;Targowa
982;ulica Targowa;49/51;Praga-Pó³noc;Targowa
983;ulica Targowa;50/52;Praga-Pó³noc;Targowa
984;ulica Targowa;54;Praga-Pó³noc;Targowa
985;ulica Targowa;56;Praga-Pó³noc;Targowa
986;ulica Targowa;59;Praga-Pó³noc;Targowa
987;ulica Targowa;61;Praga-Pó³noc;Targowa
988;ulica Targowa;62;Praga-Pó³noc;Targowa
989;ulica Targowa;63;Praga-Pó³noc;Targowa
990;ulica Targowa;64;Praga-Pó³noc;Targowa
991;ulica Targowa;65;Praga-Pó³noc;Targowa
992;ulica Targowa;66;Praga-Pó³noc;Targowa
993;ulica Targowa;67;Praga-Pó³noc;Targowa
994;ulica Targowa;68;Praga-Pó³noc;Targowa
995;ulica Targowa;69;Praga-Pó³noc;Targowa
996;ulica Targowa;69/71;Praga-Pó³noc;Targowa
997;ulica Targowa;70;Praga-Pó³noc;Targowa
998;ulica Targowa;71;Praga-Pó³noc;Targowa
999;ulica Targowa;71A;Praga-Pó³noc;Targowa
1000;ulica Targowa;72;Praga-Pó³noc;Targowa
1001;ulica Targowa;73;Praga-Pó³noc;Targowa
1002;ulica Targowa;74;Praga-Pó³noc;Targowa
1003;ulica Targowa;76;Praga-Pó³noc;Targowa
1004;ulica Targowa;78;Praga-Pó³noc;Targowa
1005;ulica Targowa;80;Praga-Pó³noc;Targowa
1006;ulica Targowa;81;Praga-Pó³noc;Targowa
1007;ulica Targowa;82;Praga-Pó³noc;Targowa
1008;ulica Targowa;83;Praga-Pó³noc;Targowa
1009;ulica Targowa;83A;Praga-Pó³noc;Targowa
1010;ulica Targowa;83B;Praga-Pó³noc;Targowa
1011;ulica Targowa;83C;Praga-Pó³noc;Targowa
1012;ulica Targowa;84;Praga-Pó³noc;Targowa
1013;ulica Targowa;85;Praga-Pó³noc;Targowa
1014;ulica Targowa;86;Praga-Pó³noc;Targowa
1015;Aleja Tysi¹clecia;151;Praga-Pó³noc;Aleja Tysi¹clecia
1016;ulica Wileñska;2;Praga-Pó³noc;Wileñska
1017;ulica Wileñska;2/4;Praga-Pó³noc;Wileñska
1018;ulica Wileñska;3;Praga-Pó³noc;Wileñska
1019;ulica Wileñska;5;Praga-Pó³noc;Wileñska
1020;ulica Wileñska;6;Praga-Pó³noc;Wileñska
1021;ulica Wileñska;6A;Praga-Pó³noc;Wileñska
1022;ulica Wileñska;7;Praga-Pó³noc;Wileñska
1023;ulica Wileñska;9;Praga-Pó³noc;Wileñska
1024;ulica Wileñska;10;Praga-Pó³noc;Wileñska
1025;ulica Wileñska;10A;Praga-Pó³noc;Wileñska
1026;ulica Wileñska;11;Praga-Pó³noc;Wileñska
1027;ulica Wileñska;12;Praga-Pó³noc;Wileñska
1028;ulica Wileñska;13;Praga-Pó³noc;Wileñska
1029;ulica Wileñska;14;Praga-Pó³noc;Wileñska
1030;ulica Wileñska;14A;Praga-Pó³noc;Wileñska
1031;ulica Wileñska;16;Praga-Pó³noc;Wileñska
1032;ulica Wileñska;18;Praga-Pó³noc;Wileñska
1033;ulica Wileñska;19;Praga-Pó³noc;Wileñska
1034;ulica Wileñska;21;Praga-Pó³noc;Wileñska
1035;ulica Wileñska;23;Praga-Pó³noc;Wileñska
1036;ulica Wileñska;25;Praga-Pó³noc;Wileñska
1037;ulica Wileñska;27;Praga-Pó³noc;Wileñska
1038;ulica Wileñska;29;Praga-Pó³noc;Wileñska
1039;ulica Wileñska;31;Praga-Pó³noc;Wileñska
1040;ulica Wileñska;33;Praga-Pó³noc;Wileñska
1041;ulica Wileñska;35;Praga-Pó³noc;Wileñska
1042;ulica Wileñska;37/39;Praga-Pó³noc;Wileñska
1043;ulica Wileñska;37/39A;Praga-Pó³noc;Wileñska
1044;ulica Wileñska;37/39B;Praga-Pó³noc;Wileñska
1045;ulica Wileñska;43;Praga-Pó³noc;Wileñska
1046;ulica Wileñska;45;Praga-Pó³noc;Wileñska
1047;ulica Wileñska;47;Praga-Pó³noc;Wileñska
1048;ulica Wileñska;57;Praga-Pó³noc;Wileñska
1049;ulica Wileñska;59;Praga-Pó³noc;Wileñska
1050;ulica Wileñska;61;Praga-Pó³noc;Wileñska
1051;ulica Wileñska;63;Praga-Pó³noc;Wileñska
1052;ulica Wileñska;65;Praga-Pó³noc;Wileñska
1053;ulica Wileñska;67;Praga-Pó³noc;Wileñska
1054;ulica Wileñska;69;Praga-Pó³noc;Wileñska
1055;ulica Wiosenna;1;Praga-Pó³noc;Wiosenna
1056;ulica Wiosenna;2;Praga-Pó³noc;Wiosenna
1057;ulica Wiosenna;3;Praga-Pó³noc;Wiosenna
1058;ulica Stanis³awa Witkiewicza;3;Praga-Pó³noc;Stanis³awa Witkiewicza
1059;ulica Stanis³awa Witkiewicza;5;Praga-Pó³noc;Stanis³awa Witkiewicza
1060;ulica Stanis³awa Witkiewicza;6;Praga-Pó³noc;Stanis³awa Witkiewicza
1061;ulica Stanis³awa Witkiewicza;7;Praga-Pó³noc;Stanis³awa Witkiewicza
1062;ulica Stanis³awa Witkiewicza;8;Praga-Pó³noc;Stanis³awa Witkiewicza
1063;ulica Stanis³awa Witkiewicza;9;Praga-Pó³noc;Stanis³awa Witkiewicza
1064;ulica Stanis³awa Witkiewicza;9A;Praga-Pó³noc;Stanis³awa Witkiewicza
1065;ulica Stanis³awa Witkiewicza;10;Praga-Pó³noc;Stanis³awa Witkiewicza
1066;ulica Stanis³awa Witkiewicza;11/13;Praga-Pó³noc;Stanis³awa Witkiewicza
1067;ulica Stanis³awa Witkiewicza;12;Praga-Pó³noc;Stanis³awa Witkiewicza
1068;ulica Stanis³awa Witkiewicza;14;Praga-Pó³noc;Stanis³awa Witkiewicza
1069;ulica Stanis³awa Witkiewicza;15;Praga-Pó³noc;Stanis³awa Witkiewicza
1070;ulica Stanis³awa Witkiewicza;15A;Praga-Pó³noc;Stanis³awa Witkiewicza
1071;ulica Stanis³awa Witkiewicza;16;Praga-Pó³noc;Stanis³awa Witkiewicza
1072;ulica Stanis³awa Witkiewicza;17;Praga-Pó³noc;Stanis³awa Witkiewicza
1073;ulica Stanis³awa Witkiewicza;17A;Praga-Pó³noc;Stanis³awa Witkiewicza
1074;ulica Stanis³awa Witkiewicza;19;Praga-Pó³noc;Stanis³awa Witkiewicza
1075;ulica Stanis³awa Witkiewicza;21;Praga-Pó³noc;Stanis³awa Witkiewicza
1076;ulica Stanis³awa Witkiewicza;23;Praga-Pó³noc;Stanis³awa Witkiewicza
1077;ulica Stanis³awa Witkiewicza;25;Praga-Pó³noc;Stanis³awa Witkiewicza
1078;ulica Stanis³awa Witkiewicza;25A;Praga-Pó³noc;Stanis³awa Witkiewicza
1079;ulica Stanis³awa Witkiewicza;27;Praga-Pó³noc;Stanis³awa Witkiewicza
1080;ulica Stanis³awa Witkiewicza;29;Praga-Pó³noc;Stanis³awa Witkiewicza
1081;ulica Stanis³awa Witkiewicza;31;Praga-Pó³noc;Stanis³awa Witkiewicza
1082;ulica Stanis³awa Witkiewicza;33;Praga-Pó³noc;Stanis³awa Witkiewicza
1083;ulica Stanis³awa Witkiewicza;35;Praga-Pó³noc;Stanis³awa Witkiewicza
1084;ulica Stanis³awa Witkiewicza;37;Praga-Pó³noc;Stanis³awa Witkiewicza
1085;ulica Stanis³awa Witkiewicza;39;Praga-Pó³noc;Stanis³awa Witkiewicza
1086;ulica Stanis³awa Witkiewicza;41;Praga-Pó³noc;Stanis³awa Witkiewicza
1087;ulica Stanis³awa Witkiewicza;43;Praga-Pó³noc;Stanis³awa Witkiewicza
1088;ulica Wojnicka;2;Praga-Pó³noc;Wojnicka
1089;ulica Wojnicka;4;Praga-Pó³noc;Wojnicka
1090;ulica Wo³omiñska;5;Praga-Pó³noc;Wo³omiñska
1091;ulica Wo³omiñska;7;Praga-Pó³noc;Wo³omiñska
1092;ulica Wo³omiñska;11;Praga-Pó³noc;Wo³omiñska
1093;ulica Wo³omiñska;12/18;Praga-Pó³noc;Wo³omiñska
1094;ulica Wo³omiñska;15;Praga-Pó³noc;Wo³omiñska
1095;ulica Wo³omiñska;17;Praga-Pó³noc;Wo³omiñska
1096;ulica Wo³omiñska;17A;Praga-Pó³noc;Wo³omiñska
1097;ulica Wo³omiñska;19;Praga-Pó³noc;Wo³omiñska
1098;ulica Wo³omiñska;22;Praga-Pó³noc;Wo³omiñska
1099;ulica Wo³omiñska;24;Praga-Pó³noc;Wo³omiñska
1100;ulica Wo³omiñska;54;Praga-Pó³noc;Wo³omiñska
1101;ulica Wo³omiñska;56;Praga-Pó³noc;Wo³omiñska
1102;ulica Wrzesiñska;1/3;Praga-Pó³noc;Wrzesiñska
1103;ulica Wrzesiñska;2;Praga-Pó³noc;Wrzesiñska
1104;ulica Wrzesiñska;4;Praga-Pó³noc;Wrzesiñska
1105;ulica Wrzesiñska;14;Praga-Pó³noc;Wrzesiñska
1106;ulica Wybrze¿e Helskie;1/5;Praga-Pó³noc;Wybrze¿e Helskie
1107;ulica Wybrze¿e Helskie;20;Praga-Pó³noc;Wybrze¿e Helskie
1108;ulica Wybrze¿e Puckie;2;Praga-Pó³noc;Wybrze¿e Puckie
1109;ulica Wybrze¿e Szczeciñskie;6;Praga-Pó³noc;Wybrze¿e Szczeciñskie
1110;ulica Zachariasza;1;Praga-Pó³noc;Zachariasza
1111;ulica Zachariasza;2/4;Praga-Pó³noc;Zachariasza
1112;ulica Zachariasza;3;Praga-Pó³noc;Zachariasza
1113;ulica Zachariasza;5;Praga-Pó³noc;Zachariasza
1114;ulica Zachariasza;8;Praga-Pó³noc;Zachariasza
1115;ulica Zachariasza;10;Praga-Pó³noc;Zachariasza
1116;ulica Jana Zamoyskiego;2;Praga-Pó³noc;Jana Zamoyskiego
1117;ulica Jana Zamoyskiego;2A;Praga-Pó³noc;Jana Zamoyskiego
1118;ulica Jana Zamoyskiego;4;Praga-Pó³noc;Jana Zamoyskiego
1119;ulica Jana Zamoyskiego;15;Praga-Pó³noc;Jana Zamoyskiego
1120;ulica Jana Zamoyskiego;25;Praga-Pó³noc;Jana Zamoyskiego
1121;ulica Jana Zamoyskiego;27;Praga-Pó³noc;Jana Zamoyskiego
1122;ulica Jana Zamoyskiego;29;Praga-Pó³noc;Jana Zamoyskiego
1123;ulica Jana Zamoyskiego;31;Praga-Pó³noc;Jana Zamoyskiego
1124;ulica Jana Zamoyskiego;33;Praga-Pó³noc;Jana Zamoyskiego
1125;ulica Zaokopowa;3;Praga-Pó³noc;Zaokopowa
1126;ulica Zaokopowa;4/6;Praga-Pó³noc;Zaokopowa
1127;ulica Zaokopowa;5;Praga-Pó³noc;Zaokopowa
1128;ulica Z¹bkowska;2;Praga-Pó³noc;Z¹bkowska
1129;ulica Z¹bkowska;3;Praga-Pó³noc;Z¹bkowska
1130;ulica Z¹bkowska;4;Praga-Pó³noc;Z¹bkowska
1131;ulica Z¹bkowska;5;Praga-Pó³noc;Z¹bkowska
1132;ulica Z¹bkowska;6;Praga-Pó³noc;Z¹bkowska
1133;ulica Z¹bkowska;7;Praga-Pó³noc;Z¹bkowska
1134;ulica Z¹bkowska;9;Praga-Pó³noc;Z¹bkowska
1135;ulica Z¹bkowska;11;Praga-Pó³noc;Z¹bkowska
1136;ulica Z¹bkowska;12;Praga-Pó³noc;Z¹bkowska
1137;ulica Z¹bkowska;13;Praga-Pó³noc;Z¹bkowska
1138;ulica Z¹bkowska;14;Praga-Pó³noc;Z¹bkowska
1139;ulica Z¹bkowska;16;Praga-Pó³noc;Z¹bkowska
1140;ulica Z¹bkowska;17;Praga-Pó³noc;Z¹bkowska
1141;ulica Z¹bkowska;18;Praga-Pó³noc;Z¹bkowska
1142;ulica Z¹bkowska;19;Praga-Pó³noc;Z¹bkowska
1143;ulica Z¹bkowska;22/24/26;Praga-Pó³noc;Z¹bkowska
1144;ulica Z¹bkowska;23/25;Praga-Pó³noc;Z¹bkowska
1145;ulica Z¹bkowska;27/31;Praga-Pó³noc;Z¹bkowska
1146;ulica Z¹bkowska;28;Praga-Pó³noc;Z¹bkowska
1147;ulica Z¹bkowska;30;Praga-Pó³noc;Z¹bkowska
1148;ulica Z¹bkowska;32;Praga-Pó³noc;Z¹bkowska
1149;ulica Z¹bkowska;33;Praga-Pó³noc;Z¹bkowska
1150;ulica Z¹bkowska;35;Praga-Pó³noc;Z¹bkowska
1151;ulica Z¹bkowska;36;Praga-Pó³noc;Z¹bkowska
1152;ulica Z¹bkowska;37;Praga-Pó³noc;Z¹bkowska
1153;ulica Z¹bkowska;38;Praga-Pó³noc;Z¹bkowska
1154;ulica Z¹bkowska;38A;Praga-Pó³noc;Z¹bkowska
1155;ulica Z¹bkowska;39;Praga-Pó³noc;Z¹bkowska
1156;ulica Z¹bkowska;39A;Praga-Pó³noc;Z¹bkowska
1157;ulica Z¹bkowska;40;Praga-Pó³noc;Z¹bkowska
1158;ulica Z¹bkowska;41;Praga-Pó³noc;Z¹bkowska
1159;ulica Z¹bkowska;41A;Praga-Pó³noc;Z¹bkowska
1160;ulica Z¹bkowska;42;Praga-Pó³noc;Z¹bkowska
1161;ulica Z¹bkowska;50;Praga-Pó³noc;Z¹bkowska
1162;ulica Z¹bkowska;50A;Praga-Pó³noc;Z¹bkowska
1163;ulica Z¹bkowska;52;Praga-Pó³noc;Z¹bkowska
1164;ulica Z¹bkowska;54;Praga-Pó³noc;Z¹bkowska
1165;ulica Œnie¿na;3;Praga-Pó³noc;Œnie¿na
1166;ulica Œnie¿na;4;Praga-Pó³noc;Œnie¿na
1167;ulica Œrodkowa;1;Praga-Pó³noc;Œrodkowa
1168;ulica Œrodkowa;2/4;Praga-Pó³noc;Œrodkowa
1169;ulica Œrodkowa;3;Praga-Pó³noc;Œrodkowa
1170;ulica Œrodkowa;3A;Praga-Pó³noc;Œrodkowa
1171;ulica Œrodkowa;6;Praga-Pó³noc;Œrodkowa
1172;ulica Œrodkowa;6A;Praga-Pó³noc;Œrodkowa
1173;ulica Œrodkowa;7;Praga-Pó³noc;Œrodkowa
1174;ulica Œrodkowa;8;Praga-Pó³noc;Œrodkowa
1175;ulica Œrodkowa;9;Praga-Pó³noc;Œrodkowa
1176;ulica Œrodkowa;11;Praga-Pó³noc;Œrodkowa
1177;ulica Œrodkowa;12;Praga-Pó³noc;Œrodkowa
1178;ulica Œrodkowa;13;Praga-Pó³noc;Œrodkowa
1179;ulica Œrodkowa;14;Praga-Pó³noc;Œrodkowa
1180;ulica Œrodkowa;16;Praga-Pó³noc;Œrodkowa
1181;ulica Œrodkowa;17;Praga-Pó³noc;Œrodkowa
1182;ulica Œrodkowa;18;Praga-Pó³noc;Œrodkowa
1183;ulica Œrodkowa;19;Praga-Pó³noc;Œrodkowa
1184;ulica Œrodkowa;20;Praga-Pó³noc;Œrodkowa
1185;ulica Œrodkowa;21;Praga-Pó³noc;Œrodkowa
1186;ulica Œrodkowa;23;Praga-Pó³noc;Œrodkowa
1187;ulica Œrodkowa;25;Praga-Pó³noc;Œrodkowa
1188;ulica Œrodkowa;27;Praga-Pó³noc;Œrodkowa
1189;ulica Œrodkowa;30;Praga-Pó³noc;Œrodkowa
1190;ulica Œrodkowa;32;Praga-Pó³noc;Œrodkowa
1191;ulica £ochowska;1/29;Praga-Pó³noc;£ochowska
1192;ulica £ochowska;8;Praga-Pó³noc;£ochowska
1193;ulica £ochowska;10;Praga-Pó³noc;£ochowska
1194;ulica £ochowska;12;Praga-Pó³noc;£ochowska
1195;ulica £ochowska;13;Praga-Pó³noc;£ochowska
1196;ulica £ochowska;15;Praga-Pó³noc;£ochowska
1197;ulica £ochowska;17;Praga-Pó³noc;£ochowska
1198;ulica £ochowska;18;Praga-Pó³noc;£ochowska
1199;ulica £ochowska;31;Praga-Pó³noc;£ochowska
1200;ulica £ochowska;33/35;Praga-Pó³noc;£ochowska
1201;ulica £ochowska;34;Praga-Pó³noc;£ochowska
1202;ulica £ochowska;36;Praga-Pó³noc;£ochowska
1203;ulica £ochowska;37;Praga-Pó³noc;£ochowska
1204;ulica £ochowska;38;Praga-Pó³noc;£ochowska
1205;ulica £ochowska;38A;Praga-Pó³noc;£ochowska
1206;ulica £ochowska;38B;Praga-Pó³noc;£ochowska
1207;ulica £ochowska;39;Praga-Pó³noc;£ochowska
1208;ulica £ochowska;40;Praga-Pó³noc;£ochowska
1209;ulica £ochowska;41;Praga-Pó³noc;£ochowska
1210;ulica £ochowska;43;Praga-Pó³noc;£ochowska
1211;ulica £ochowska;44;Praga-Pó³noc;£ochowska
1212;ulica £ochowska;45;Praga-Pó³noc;£ochowska
1213;ulica £ochowska;45A;Praga-Pó³noc;£ochowska
1214;ulica £ochowska;47;Praga-Pó³noc;£ochowska
1215;ulica £ochowska;52;Praga-Pó³noc;£ochowska
1216;ulica £ochowska;53;Praga-Pó³noc;£ochowska
1217;ulica £ochowska;53A;Praga-Pó³noc;£ochowska
1218;ulica £ochowska;54;Praga-Pó³noc;£ochowska
1219;ulica £ochowska;58;Praga-Pó³noc;£ochowska
1220;ulica £ochowska;61;Praga-Pó³noc;£ochowska
1221;ulica £om¿yñska;1/13;Praga-Pó³noc;£om¿yñska
1222;ulica £om¿yñska;6;Praga-Pó³noc;£om¿yñska
1223;ulica £om¿yñska;8;Praga-Pó³noc;£om¿yñska
1224;ulica £om¿yñska;15/25;Praga-Pó³noc;£om¿yñska
1225;ulica £om¿yñska;18;Praga-Pó³noc;£om¿yñska
1226;ulica £om¿yñska;20;Praga-Pó³noc;£om¿yñska
1227;ulica £om¿yñska;22/24;Praga-Pó³noc;£om¿yñska
1228;ulica £om¿yñska;26;Praga-Pó³noc;£om¿yñska
1229;ulica £om¿yñska;27;Praga-Pó³noc;£om¿yñska
1230;ulica £om¿yñska;28;Praga-Pó³noc;£om¿yñska
1231;ulica £om¿yñska;29;Praga-Pó³noc;£om¿yñska
1232;ulica £om¿yñska;30;Praga-Pó³noc;£om¿yñska
1233;ulica £om¿yñska;31;Praga-Pó³noc;£om¿yñska
1234;ulica £om¿yñska;33;Praga-Pó³noc;£om¿yñska
1235;ulica £om¿yñska;35;Praga-Pó³noc;£om¿yñska
1236;ulica £om¿yñska;36;Praga-Pó³noc;£om¿yñska
1237;ulica £om¿yñska;37;Praga-Pó³noc;£om¿yñska
1238;ulica £om¿yñska;44;Praga-Pó³noc;£om¿yñska
